"","LOCATION","Country","Year","GDP","gdp_growth","average_annual_wage","cpi","current_account_balance","productivity","unemployment_rate","GERD","govt_fiscal_balance","govt_debt","current_account_flows","investment_flows"
"1","AUT","Austria",1995,187483.3966,2.667984,39589,2.243364,-2.866333,87.833022,3.669481,1.53344840288495,-6.15429498709583,68.0167757102972,80.3577864644379,NA
"2","AUT","Austria",1996,194801.8337,2.398314,39287,1.860974,-2.84353,85.517925,4.130674,1.5843114431644,-4.36685878843865,67.9591671459416,82.4294367707071,NA
"3","AUT","Austria",1997,201994.5244,2.20502,38925,1.305983,-2.550055,84.874184,4.214407,1.65854989504523,-2.37703659206473,63.1944677512064,87.6072860407389,NA
"4","AUT","Austria",1998,212000.0689,3.559967,40195,0.9224669,-1.872049,86.372149,4.227469,1.73613155491046,-2.72527668258589,63.606368419174,91.3416500453791,NA
"5","AUT","Austria",1999,220172.0884,3.589988,41116,0.5689865,-2.265283,84.446466,3.722042,1.84929253917285,-2.57597729762111,66.4263146787214,94.1807948182447,43.474449918058
"6","AUT","Austria",2000,234747.5537,3.368408,41198,2.344868,-0.7092062,84.847625,3.513965,1.88965446463097,-2.06718583809124,65.8641442442761,102.10270243192,51.2190371944855
"7","AUT","Austria",2001,239060.5946,1.350516,41078,2.65,-0.7973804,82.642102,3.572646,1.99599101627074,-0.65969036738931,66.4839945972588,105.246954415462,23.6369927842291
"8","AUT","Austria",2002,251504.0427,1.655855,41712,1.810359,2.105587,83.436632,3.998393,2.06993289738322,-1.41569707645933,66.2913580552415,104.288217570585,15.2923529618411
"9","AUT","Austria",2003,259781.649,0.756157,41829,1.355554,1.552386,81.873551,4.290859,2.18268260028399,-1.83010133843303,65.4921230689816,103.183893729862,30.0468534029313
"10","AUT","Austria",2004,274981.7688,2.705743,42595,2.061207,2.082772,81.566597,5.502808,2.17367986802096,-4.8559528907515,64.8022140492152,108.414309565905,40.207445791396
"11","AUT","Austria",2005,286878.2718,2.140683,42791,2.299138,2.267506,80.937005,5.642112,2.3832369765137,-2.55146797992564,68.3143798102243,115.836081091897,97.5537455646384
"12","AUT","Austria",2006,309706.0152,3.350831,43411,1.441547,3.310967,83.497238,5.255923,2.37114771200624,-2.57640030321452,67.0442588131103,123.621462184496,70.1198598008091
"13","AUT","Austria",2007,324775.7501,3.62151,43630,2.168556,3.824373,83.421605,4.871096,2.43240310297711,-1.39034990678665,64.8081468290197,130.672937061716,73.5605712844529
"14","AUT","Austria",2008,341669.4025,1.547264,44387,3.215951,4.517858,84.185251,4.140634,2.58556842951499,-1.5309437294281,68.5177380813282,128.869762411512,25.6561161720779
"15","AUT","Austria",2009,339610.1853,-3.799075,45069,0.5063094,2.613663,83.748801,5.318628,2.61357415095429,-5.39044984219484,79.7257442615765,110.634129214759,-9.24461078710539
"16","AUT","Austria",2010,350483.1071,1.928673,44883,1.813532,2.867349,82.684338,4.832926,2.73784354820918,-4.47258657117886,82.389831227567,120.273905185361,-13.8045498128993
"17","AUT","Austria",2011,371229.1834,2.808,44391,3.286583,1.638854,83.95166,4.573611,2.68163415462669,-2.58964868903984,82.1931665292206,129.79705037367,27.0670136449346
"18","AUT","Austria",2012,389747.2828,0.745756,44643,2.485675,1.489671,86.605995,4.876049,2.88505225327589,-2.22195306110402,81.6088486721114,128.294620382335,-0.656855439078377
"19","AUT","Austria",2013,404650.2573,0.124224,44689,2.000158,1.95046,88.833829,5.347675,2.96747840565007,-1.36706471333735,80.8838044289992,119.525305495397,-1.18156169716161
"20","AUT","Austria",2014,415257.2665,0.644845,44794,1.605806,2.3894,89.053306,5.633903,2.97595527599014,-2.74035947237677,83.9675913147484,119.637694844342,-7.25112705860705
"21","BEL","Belgium",1995,228250.2717,2.384757,42364,1.467961,NA,111.618114,13.00051,1.63851315590504,-4.44588310902767,130.544665809769,NA,NA
"22","BEL","Belgium",1996,232507.9974,1.593571,42812,2.077025,NA,110.460066,12.72232,1.72962832612461,-3.9313334136018,127.973715164257,NA,NA
"23","BEL","Belgium",1997,243442.2509,3.710197,43411,1.62816,NA,110.360271,12.56303,1.79475813054003,-2.12493749142582,123.205660953494,NA,NA
"24","BEL","Belgium",1998,250372.0228,1.975512,43340,0.9492503,NA,107.199585,11.708,1.82362104993816,-0.947972194976332,118.196383641093,NA,NA
"25","BEL","Belgium",1999,262228.592,3.563094,45653,1.120848,NA,106.10445,8.557736,1.89067707778861,-0.55088319834907,114.416605930572,NA,NA
"26","BEL","Belgium",2000,286696.0569,3.633841,45362,2.544518,NA,107.358856,7.007976,1.92235634454074,-0.0719148639542719,108.768695153782,NA,NA
"27","BEL","Belgium",2001,298566.7857,0.811644,45610,2.469258,NA,105.927969,6.605272,2.02167817960179,0.17186629945671,107.591087633753,NA,NA
"28","BEL","Belgium",2002,314972.0436,1.780253,46378,1.645214,NA,107.58136,7.544469,1.89073019104575,0.0452983840183229,104.709904931562,NA,NA
"29","BEL","Belgium",2003,322227.0373,0.774498,46565,1.588964,3.523068,105.154921,8.214761,1.83183518081497,-1.76105746947498,101.112274755251,163.415936342376,72.2955593216741
"30","BEL","Belgium",2004,336193.9122,3.634777,46336,2.097283,3.266013,103.386691,8.414648,1.80897824318488,-0.158179645208914,96.5229937966797,169.196748696901,72.309355865703
"31","BEL","Belgium",2005,349276.9852,2.094485,46048,2.781433,2.093828,101.088292,8.439621,1.7823087122489,-2.57219541480861,94.6268953804566,181.850995726866,82.4640989338033
"32","BEL","Belgium",2006,373467.4173,2.499135,46237,1.791208,1.901693,102.431937,8.245826,1.81426459153498,0.213217331676167,91.0381372795122,190.214594902376,78.3608133177413
"33","BEL","Belgium",2007,391644.1412,3.397493,46025,1.823056,1.96639,101.644144,7.457799,1.84412279200378,0.0614714269551772,87.0209710686861,199.944533568505,132.833980731797
"34","BEL","Belgium",2008,408408.8539,0.747284,46169,4.489444,-1.000114,101.766961,6.980977,1.92413250636887,-1.10908700637734,92.5283986601368,203.905768980924,48.6671976411178
"35","BEL","Belgium",2009,410781.4494,-2.285113,46563,-0.05314567,-1.089587,100.290327,7.907569,1.9853719095937,-5.38914103692575,99.5636230184557,173.231626722786,-42.456154435018
"36","BEL","Belgium",2010,437233.7828,2.695145,46293,2.189299,1.748201,102.089914,8.292459,2.05080238071109,-3.97128465821786,99.7101623934199,184.573035954435,18.1703145157094
"37","BEL","Belgium",2011,455704.9031,1.79663,46705,3.532082,-1.072942,101.719959,7.139616,2.15533386440732,-4.10919373473382,102.337182740447,193.719698448455,60.4424620027116
"38","BEL","Belgium",2012,471332.353,0.137052,47068,2.839664,-0.05136875,102.595618,7.54668,2.3621935483871,-4.21068387096774,104.101212903226,196.653935483871,-21.994064516129
"39","BEL","Belgium",2013,485894.9634,-0.067165,47414,1.113096,-0.3262867,104.321963,8.425306,2.43576147782044,-3.01772730986031,105.444893186831,194.700187893146,-3.09130177273099
"40","BEL","Belgium",2014,502116.8899,1.653111,47580,0.3400028,-0.6695913,105.37709,8.526062,2.46368658075623,-3.05744688813762,106.462394431207,194.863337533214,9.89783061588553
"41","CZE","Czech Republic",1995,141366.0602,6.221406,7443,9.031428,-2.304995,44.680722,4.066634,0.884910275517921,-12.4274499007984,13.5811001098021,89.2285688067008,35.9077029203571
"42","CZE","Czech Republic",1996,149966.0864,4.282799,8199,8.766947,-6.158311,45.31112,3.937912,0.897280293409216,-3.07548953946272,11.5914956345007,87.603206846215,12.7595825274106
"43","CZE","Czech Republic",1997,151261.0831,-0.674271,8312,8.594492,-5.843003,44.462597,4.837825,0.99714791960932,-3.4931969358694,12.1434323566498,93.3351115106606,14.1985582429014
"44","CZE","Czech Republic",1998,153024.4692,-0.316033,8267,10.70179,-1.895915,43.836821,6.514654,1.06716786762918,-4.64424548454742,13.9325030908897,94.2460212817496,12.130802623184
"45","CZE","Czech Republic",1999,157231.3559,1.43805,8564,2.103288,-2.268333,43.708808,8.795481,1.0569302284003,-3.44504536718366,15.2024315022572,97.8779779198141,21.6190050507308
"46","CZE","Czech Republic",2000,165438.466,4.294136,8846,3.800774,-4.410439,44.071797,8.859764,1.11636454061527,-3.46708083434838,17.0251998836734,109.690048595862,12.1111593463793
"47","CZE","Czech Republic",2001,179364.9198,3.051521,9130,4.677164,-4.889909,47.779266,8.21001,1.10575690517618,-5.33753934847088,22.7821354137604,111.928142385371,13.3649981133025
"48","CZE","Czech Republic",2002,184989.2477,1.64695,9827,1.87806,-5.103199,46.930898,7.338634,1.10490631615391,-6.27068974670927,25.9241825236649,104.206145588518,17.6403949101073
"49","CZE","Czech Republic",2003,197368.1671,3.601843,10568,0.1135768,-5.718921,48.317744,7.831526,1.15118598953363,-6.4026263377033,28.1474159126049,108.408293269617,7.40942244346366
"50","CZE","Czech Republic",2004,211909.4589,4.947456,11089,2.775111,-3.788037,49.006495,8.334448,1.14738195221182,-2.71109279645219,28.4542427869678,127.022069164001,17.5557125383463
"51","CZE","Czech Republic",2005,223723.5094,6.442262,11415,1.842574,-2.129694,48.221535,7.95026,1.17084324236059,-3.11092299135781,28.0161707958202,135.676764563968,22.995992599077
"52","CZE","Czech Republic",2006,243192.348,6.876544,11866,2.542938,-2.459197,50.277709,7.164288,1.23372217918293,-2.25480599384511,27.9108479266956,142.946870248075,12.8238437628934
"53","CZE","Czech Republic",2007,268368.9288,5.529266,12216,2.862021,-4.616905,52.85424,5.330424,1.30509525632604,-0.694265569433212,27.8068718799087,148.606758304607,21.2353976009827
"54","CZE","Czech Republic",2008,288526.8992,2.710956,12221,6.33942,-1.88175,53.965473,4.406101,1.24203436017718,-2.10716585818507,28.6582277093929,140.345215580426,13.0406943760264
"55","CZE","Czech Republic",2009,287910.0961,-4.841785,12190,1.033227,-2.271363,53.221283,6.680494,1.29721731733705,-5.51373122781806,34.0575706169599,128.511278034447,4.38107035317978
"56","CZE","Czech Republic",2010,289714.478,2.29509,12473,1.464097,-3.579303,51.405388,7.303039,1.33986454545432,-4.41407195526363,38.1550622449984,144.639929017508,14.9797238046555
"57","CZE","Czech Republic",2011,302260.2358,2.004704,12586,1.928794,-2.111158,52.405318,6.745418,1.5557068537876,-2.72440939025796,39.8262165153808,153.909297912243,5.90077979450909
"58","CZE","Czech Republic",2012,305309.3707,-0.799844,12577,3.293733,-1.558975,52.493803,7.003591,1.78231220282607,-3.92993739765788,44.4696584556513,164.440830244596,11.3981780885891
"59","CZE","Czech Republic",2013,320535.0972,-0.483671,12439,1.418733,-0.539936,54.343466,6.975118,1.89973046229888,-1.24761842480274,44.9086021715281,164.548081465489,18.9120984020021
"60","CZE","Czech Republic",2014,340575.3392,2.715116,12520,0.3531169,0.1846911,55.846346,6.128436,1.97284723476276,-1.92552301468616,42.169378242654,175.721251085762,11.1716405229834
"61","DNK","Denmark",1995,118515.9997,3.027634,48695,2.083605,NA,95.861982,6.991632,1.7890307896994,-3.61829378774182,NA,NA,NA
"62","DNK","Denmark",1996,124799.2441,2.900068,49618,2.1263,NA,96.223083,6.844985,1.80666970581531,-2.48257391381072,NA,NA,NA
"63","DNK","Denmark",1997,131640.698,3.26088,50443,2.182167,NA,95.911889,5.399958,1.88914162367412,-1.20021393752361,NA,NA,NA
"64","DNK","Denmark",1998,136782.034,2.218162,51349,1.845651,NA,94.246178,5.037221,2.00618724641396,-0.388536814875024,NA,NA,NA
"65","DNK","Denmark",1999,141846.3284,2.948007,51993,2.497795,NA,91.843897,5.142217,2.1276409339834,0.868934154154461,NA,NA,NA
"66","DNK","Denmark",2000,152926.9375,3.7469,51986,2.903277,NA,92.914835,4.476877,NA,1.88731430569623,52.3542631312401,NA,NA
"67","DNK","Denmark",2001,158176.3644,0.823149,52377,2.337875,NA,90.853736,4.165197,2.32466464361594,1.14055438978189,48.5083330538393,NA,NA
"68","DNK","Denmark",2002,164720.3879,0.466345,53580,2.424437,NA,90.908642,4.275385,2.4414456512259,-0.015387113540589,49.0809780531543,NA,NA
"69","DNK","Denmark",2003,165945.6765,0.390074,54916,2.075078,NA,88.254342,5.397369,2.5108454422513,-0.13314763657725,46.1501053418442,NA,NA
"70","DNK","Denmark",2004,177981.4622,2.668193,56177,1.154357,NA,90.256949,5.202752,2.4191630018838,2.0731725941749,44.1559733360071,NA,NA
"71","DNK","Denmark",2005,185074.4459,2.336664,57155,1.817815,4.197125,88.331695,4.830567,2.39337313617287,4.95509412453089,37.4121996186595,111.498350550825,45.0081463621323
"72","DNK","Denmark",2006,202903.3233,3.91298,58163,1.924221,3.331158,90.877283,3.898462,2.4030029246371,4.98710068598195,31.5493800007133,119.56498995399,34.1828849286079
"73","DNK","Denmark",2007,212740.4976,0.909253,58851,1.693266,1.434709,91.246845,3.801681,2.51541281712861,5.02045898283056,27.3459739079676,124.652456084355,56.9468238974722
"74","DNK","Denmark",2008,226767.5052,-0.512025,59660,3.416268,2.912583,93.738044,3.432401,2.7734572321493,3.17390797515362,33.3131664696054,128.570112186159,26.6554536017808
"75","DNK","Denmark",2009,223027.8046,-4.906526,61102,1.30471,3.465207,92.650036,6.008482,3.05514118165565,-2.79814161774022,40.181802556466,108.273006364744,12.1578753913003
"76","DNK","Denmark",2010,239009.4623,1.870993,61752,2.310924,6.552961,97.338104,7.464779,2.91706563382491,-2.71027087799281,42.5878694104563,112.219991319358,15.4528677593673
"77","DNK","Denmark",2011,247352.2892,1.336775,61446,2.758682,6.586088,97.5291,7.57156,2.9446507412064,-2.05576618400805,46.0708859498369,120.452672490625,2.39726583693134
"78","DNK","Denmark",2012,250524.5651,0.226468,61303,2.397915,6.278007,98.389346,7.525624,2.98124751319524,-3.49044486496584,44.8942164704839,120.893645494833,0.915566316024996
"79","DNK","Denmark",2013,262368.1157,0.933349,61413,0.7890718,7.756747,101.031347,6.997024,3.0157378670109,-1.00037467410349,44.0456148878802,122.480083454381,8.2620562923225
"80","DNK","Denmark",2014,269789.5544,1.675934,62441,0.5640205,8.89242,101.634239,6.590721,2.997944119499,1.42672543500965,43.9801745348981,121.160093159456,4.72715962281041
"81","FIN","Finland",1995,99832.2916,4.207131,34617,0.7912362,4.159703,82.067605,15.44683,2.20421181866147,-5.92860911562969,55.1477332683956,71.7275457607857,NA
"82","FIN","Finland",1996,102792.2012,3.658833,35551,0.6291981,3.864508,79.864176,14.6312,2.45311091514795,-3.24710954340584,55.3181461885166,74.4810895551636,NA
"83","FIN","Finland",1997,111860.5859,6.251808,35456,1.192557,5.127947,81.869257,12.68174,2.6232106413336,-1.20916036049053,52.247647600643,78.8701258827142,NA
"84","FIN","Finland",1998,121285.5624,5.428513,36615,1.399471,5.116958,84.834805,11.40456,2.78655280689804,1.63562658869266,46.862570816235,79.0688807296772,NA
"85","FIN","Finland",1999,127941.8417,4.444134,37529,1.162237,5.161123,83.481918,10.24333,3.05602609456127,1.68369799011999,44.0522206377095,77.458931793292,38.1171261315916
"86","FIN","Finland",2000,138372.0326,5.634847,38288,3.042096,7.540616,84.80816,9.809243,3.24568732065668,6.8552263670456,42.5112101041384,91.8321456616347,76.4394801153668
"87","FIN","Finland",2001,144404.7533,2.580792,38710,2.578441,8.060321,84.392246,9.142725,3.19794650955088,4.98279526714069,40.9774503762886,88.1714519132909,35.6948011936
"88","FIN","Finland",2002,148566.4337,1.680325,38930,1.571221,8.22234,82.661746,9.121674,3.25739940251806,4.07110439749408,40.2329235479368,85.3150267383285,25.5379697752362
"89","FIN","Finland",2003,151089.7042,1.993984,39679,0.8774385,4.645849,80.290451,9.064587,3.30213830004816,2.44179218705672,42.7989892392244,83.3288469278019,12.0100416312043
"90","FIN","Finland",2004,162805.9986,3.926057,41006,0.1871234,5.76798,81.515675,8.849592,3.31493970733924,2.20978438511582,42.7172397256384,87.1560541908289,34.0736510660853
"91","FIN","Finland",2005,167840.4509,2.779955,41951,0.6238712,3.04693,79.095497,8.422665,3.32976451909214,2.59327075741999,40.002554946559,93.9201396704119,26.7547312135388
"92","FIN","Finland",2006,181069.0666,4.055197,42927,1.566667,3.801376,80.85293,7.733131,3.33761803793435,3.93131495707185,38.1741921281008,101.691635672657,36.6471433371569
"93","FIN","Finland",2007,199323.1868,5.184801,43581,2.510666,3.850209,84.129364,6.864216,3.34576919778759,5.1328088153325,33.9927324958196,104.847146593491,36.529284397376
"94","FIN","Finland",2008,212373.3688,0.720668,44003,4.065952,2.246715,85.699193,6.384558,3.54708405821043,4.18045438823815,32.6537987001254,106.313787033261,33.3465316889593
"95","FIN","Finland",2009,202176.1466,-8.269037,44358,-1.22217e-14,1.912214,81.791651,8.278378,3.74883140270343,-2.52832419115169,41.6960818432406,84.845080070044,37.2926989598352
"96","FIN","Finland",2010,208164.0373,2.992338,45055,1.184135,1.227578,81.149447,8.41558,3.72597594869054,-2.6098343132015,47.1191876002138,92.6897381079636,62.5507215392838
"97","FIN","Finland",2011,219214.027,2.570818,45210,3.416809,-1.764541,82.764302,7.81893,3.63881159552799,-1.04434928810529,48.5043353702208,96.0401078890023,90.0925488522825
"98","FIN","Finland",2012,219916.339,-1.426189,45241,2.808332,-1.931722,81.221326,7.721,3.41948316507585,-2.18325967376234,52.9488020100804,97.5736887678748,31.9455636583864
"99","FIN","Finland",2013,224594.224,-0.758036,44755,1.478288,-1.596878,82.566015,8.208396,3.28718685144931,-2.61387443566869,55.4726612831837,94.5409121757861,-22.739035497546
"100","FIN","Finland",2014,226716.9512,-0.631728,44823,1.0412,-1.129692,82.245112,8.685885,3.16930609225498,-3.16098387143872,59.2692992787409,93.7767795438839,14.8974566125155
"101","FRA","France",1995,1241196.5623,2.085085,32432,1.796481,NA,97.907948,9.630569,2.22883245018029,-5.12446457741311,55.8036257303258,NA,NA
"102","FRA","France",1996,1281489.2598,1.388004,32524,1.982884,NA,96.202642,10.14921,2.21099813336511,-3.89967830334803,59.687676238135,NA,NA
"103","FRA","France",1997,1339950.1496,2.337333,32886,1.203943,NA,97.280114,10.20945,2.1354889712473,-3.62603568870366,61.0982666519971,NA,NA
"104","FRA","France",1998,1411613.2984,3.556201,33377,0.6511269,NA,98.29105,9.722299,2.08415110364034,-2.40665128026989,61.0390527945739,NA,NA
"105","FRA","France",1999,1478039.2021,3.407099,34095,0.5371416,3.393819,96.885314,9.346573,2.09695062844466,-1.57837289681066,60.2177026884038,62.9683863825037,33.644354082174
"106","FRA","France",2000,1595459.6239,3.875162,34261,1.67596,1.183056,99.370936,7.973752,2.08399228978868,-1.31851884766947,58.6564492228185,69.3323180522762,35.831207504462
"107","FRA","France",2001,1698365.8289,1.954449,34487,1.634781,1.505218,100.332944,7.212623,2.12914363254866,-1.43652618201523,58.1577194264772,68.7521081113976,31.4349918329903
"108","FRA","France",2002,1770064.9994,1.118457,35416,1.923412,1.174451,102.238262,7.362628,2.16572432710118,-3.08770406815957,60.0789457672812,66.0964121889856,24.8876750891794
"109","FRA","France",2003,1758832.9057,0.819532,35710,2.098472,0.8632421,96.869439,7.957162,2.11116970535678,-3.85944383848427,64.2108586706794,64.1971787634097,31.2320832910925
"110","FRA","France",2004,1829066.9259,2.786424,36294,2.14209,0.4433713,93.624444,8.321148,2.08635933737053,-3.48897565994061,65.7356964156281,66.0732072295354,38.5808646449531
"111","FRA","France",2005,1933506.9844,1.607714,36730,1.745869,-0.01805822,93.744679,8.341899,2.04447481853612,-3.16533275243824,67.2066470351212,70.7237335903719,57.5123393179825
"112","FRA","France",2006,2070454.2698,2.374947,37136,1.675125,0.03614936,97.077801,8.26583,2.0452763147458,-2.34181043530155,64.4471627671566,75.8734710109229,54.3463516050305
"113","FRA","France",2007,2186193.8738,2.361499,37290,1.487998,-0.2937124,96.444712,7.513525,2.02002837068979,-2.54369959962378,64.4052691360817,77.7232007483283,52.138594931309
"114","FRA","France",2008,2263190.6441,0.195295,37219,2.812862,-0.9562327,96.283496,6.984326,2.05758564020342,-3.18325525465341,68.0611268381892,77.674374326728,18.920159330611
"115","FRA","France",2009,2249680.9548,-2.941341,38357,0.08762048,-0.8317652,94.501744,8.648396,2.20910476803452,-7.16228893300059,78.9972444800639,67.0142654757539,14.6727439728481
"116","FRA","France",2010,2342745.4228,1.965657,39121,1.531123,-0.8407829,94.16459,8.786737,2.17509358357673,-6.79491073470301,81.6992505808161,72.341893668241,22.2934818995027
"117","FRA","France",2011,2447562.0669,2.079229,39051,2.111598,-0.9924377,95.285715,8.671505,2.19064072755385,-5.09696574149073,85.2084510927099,76.2412081092263,-4.84818995340128
"118","FRA","France",2012,2471784.5141,0.182693,39308,1.954195,-1.221025,94.328533,9.227563,2.22906658539893,-4.81319680736623,89.5898950084071,77.5675645889247,-1.77936096532273
"119","FRA","France",2013,2606141.9143,0.576242,39490,0.8637155,-0.872828,98.60411,9.679454,2.2446669339314,-4.03620176470366,92.401983495142,76.5831180717606,3.99880676381488
"120","FRA","France",2014,2658467.312,0.636622,39917,0.5077588,-1.066066,98.742098,9.686043,2.24806585531345,-3.96483305326632,95.3501787880544,77.3792923619276,15.9045666188777
"121","DEU","Germany",1995,1924801.5996,1.737641,36511,1.706161,-1.2964,99.503342,8.209338,2.13074022581732,-9.42666203235592,54.8186246629592,52.0568229693293,10.7749146865521
"122","DEU","Germany",1996,1975033.1903,0.817898,36830,1.449726,-0.713882,98.918809,8.954576,2.13715530129989,-3.54235018065534,57.5961522488475,54.6806241953569,11.5513569915694
"123","DEU","Germany",1997,2020298.6583,1.849201,36628,1.939369,-0.5019888,98.790954,9.91247,2.17879710638557,-2.94511181491442,58.7711645120457,61.8919622386368,20.8091902251549
"124","DEU","Germany",1998,2081273.006,1.979618,36982,0.9111845,-0.6972225,97.709744,9.290098,2.21230137298524,-2.53182243847332,59.3846142411915,64.354439285909,31.1758967015652
"125","DEU","Germany",1999,2164175.515,1.987135,37566,0.5854336,-1.418106,96.707229,8.464762,2.33382777691682,-1.69821006547596,59.9624384952152,67.2530122815854,35.1744992445082
"126","DEU","Germany",2000,2242493.3244,2.962045,37746,1.440268,-1.747612,94.943333,7.798585,2.39165973692168,0.858926141517992,58.7576683928031,77.7812688993045,39.7620388569701
"127","DEU","Germany",2001,2350369.9713,1.695471,38123,1.983857,-0.3655318,96.111375,7.881598,2.38557698924238,-3.11159024703535,57.5823703465835,77.5510241530381,28.0061426244925
"128","DEU","Germany",2002,2419131.8519,0,38323,1.420807,1.880625,95.877658,8.616446,2.41542536289939,-3.9442083203201,59.2195546985683,76.7678756523589,22.2059847281253
"129","DEU","Germany",2003,2475051.3667,-0.709906,38273,1.034223,1.406284,94.783856,9.321214,2.45660066303917,-4.17561529314259,62.9207641166084,78.358933011423,19.8186281575439
"130","DEU","Germany",2004,2594276.0745,1.16997,38271,1.665736,4.471534,94.089443,10.34222,2.42078815477711,-3.740784455347,64.6893667808792,82.383489971902,18.399956839982
"131","DEU","Germany",2005,2636420.1082,0.706714,38204,1.546911,4.604263,91.58118,11.23698,2.42253061898594,-3.41693975296194,66.9093860556488,89.0845596863781,31.3599958276471
"132","DEU","Germany",2006,2822339.9631,3.70016,38235,1.577429,5.672297,92.742531,10.33102,2.45603677008252,-1.72150840906717,66.3334628643059,97.4376266583098,34.1769393084717
"133","DEU","Germany",2007,2997499.8106,3.260535,38169,2.298341,6.743589,93.403688,8.705638,2.44633324447026,0.18724907787986,63.5422782634299,102.144769877807,46.4740433625255
"134","DEU","Germany",2008,3122546.7214,1.082315,38411,2.628383,5.594795,93.865104,7.560088,2.59712304917751,-0.176871969833004,64.9260736842927,100.2095841108,11.9050453988305
"135","DEU","Germany",2009,3036964.5935,-5.61886,38563,0.3127377,5.73776,90.906269,7.777001,2.72644255938348,-3.23499764254475,72.4302477766758,88.107695059099,-1.40860755686345
"136","DEU","Germany",2010,3210822.2483,4.079933,38719,1.103809,5.626537,90.944045,7.09965,2.71366588373914,-4.22098710882693,81.0037673542476,97.6492019565436,28.8355115772501
"137","DEU","Germany",2011,3427140.5764,3.66,39397,2.075173,6.097384,93.440298,5.851648,2.79562401965137,-0.956783272662701,78.3106854301696,103.631914232443,14.851604812217
"138","DEU","Germany",2012,3503684.2066,0.491993,39821,2.008491,7.017031,93.696281,5.399364,2.86812621000196,-0.0336806537454772,79.5160028423716,103.586427675419,21.8541036740554
"139","DEU","Germany",2013,3647777.5941,0.489584,40224,1.504722,6.725769,96.082603,5.24782,2.82104520493659,-0.189368206521739,77.0574898097826,102.00779127038,-3.45580700860507
"140","DEU","Germany",2014,3810885.9006,1.595338,40802,0.9067971,7.267806,97.224428,4.997726,2.86041389499749,0.292483062180011,74.4797344669674,101.274756919625,12.1570547174522
"141","GRC","Greece",1995,162642.3469,2.09972,17986,8.934514,NA,55.586197,9.379812,0.417516617656958,-9.73097954864012,98.9903666010294,NA,NA
"142","GRC","Greece",1996,171120.8073,2.862129,17949,8.194549,NA,56.385463,9.920451,NA,-8.15826266343442,101.335793418651,NA,NA
"143","GRC","Greece",1997,182757.0844,4.484199,19463,5.536003,NA,58.60877,9.937569,0.429098269228416,-6.05602622428997,99.4515099677088,NA,NA
"144","GRC","Greece",1998,193131.8492,3.894905,19721,4.766226,NA,57.404959,10.83939,NA,-6.2684335665028,97.4249652515668,NA,NA
"145","GRC","Greece",1999,198711.939,3.072597,20119,2.636638,NA,56.640734,11.85278,0.568230978968227,-5.79346265136258,98.9066880149923,NA,NA
"146","GRC","Greece",2000,210755.2283,3.919771,19934,3.151177,NA,56.89651,11.2478,NA,-4.06308720026135,104.934412887461,NA,NA
"147","GRC","Greece",2001,228231.5315,4.131612,20334,3.373966,NA,58.905421,10.45612,0.559483888432736,-5.46605574617961,107.081208199379,NA,NA
"148","GRC","Greece",2002,246559.281,3.922872,22223,3.629363,-6.830385,59.698391,9.97458,NA,-6.024075589129,104.863084871799,55.7363110286154,22.4653299262715
"149","GRC","Greece",2003,260838.9234,5.794531,23188,3.530651,-8.450858,59.33308,9.412284,0.546536165790448,-7.83041701257786,101.45613476715,55.6194928441411,15.602143627103
"150","GRC","Greece",2004,278865.835,5.061079,23604,2.898848,-7.710263,59.013237,10.31198,0.527303335895375,-8.82787976851675,102.870274764689,58.8496065429319,19.5224113844668
"151","GRC","Greece",2005,281028.3963,0.599142,23533,3.545073,-8.870605,54.578857,9.759928,0.578956341943027,-6.18794265566236,107.391847678812,61.7032591568233,33.2991518722179
"152","GRC","Greece",2006,314476.3814,5.652434,23815,3.195946,-11.48619,58.028392,8.862757,0.561182043304506,-5.94597757972074,103.574027243232,63.3558278040523,24.7248748115823
"153","GRC","Greece",2007,323504.0882,3.273747,23809,2.895001,-15.18772,57.199936,8.201377,0.57654971025891,-6.70707463328176,103.102954484769,69.5160115768345,44.034113045378
"154","GRC","Greece",2008,341817.8292,-0.335173,23451,4.152796,-15.11258,58.213071,7.327923,0.661831654001562,-10.1760239363952,109.415502040976,71.747064034959,37.1130440498538
"155","GRC","Greece",2009,337613.7148,-4.300734,24552,1.210074,-12.34601,56.444157,9.039441,0.625566809213098,-15.1413997652376,126.744706003502,58.2194104135703,37.8446585802221
"156","GRC","Greece",2010,313653.2821,-5.478634,22917,4.712982,-11.38381,53.298958,11.99328,0.598378684362111,-11.1971145225672,146.249561330951,62.9155817748531,-1.14674308911827
"157","GRC","Greece",2011,290296.6852,-9.132494,21413,3.32987,-10.00295,51.332875,16.51077,0.671962303801396,-10.2787594093644,172.096283421195,68.1972501639727,8.5408375881758
"158","GRC","Greece",2012,279267.2732,-7.300495,20443,1.50152,-3.829943,51.189497,23.76946,0.69956729163693,-8.84134649007349,159.564730318987,70.4263848364576,44.0357108412427
"159","GRC","Greece",2013,286168.6393,-3.241425,19257,-0.922165,-2.040361,52.793016,27.30645,0.811312098455983,-13.151639964805,177.416226487632,75.1673322000405,-26.5595705691025
"160","GRC","Greece",2014,287892.6046,0.352848,19397,-1.311209,-1.639311,52.993083,26.5626,0.83665006547902,-3.60345004490474,179.676831169191,79.0196356696764,4.41102298853046
"161","ITA","Italy",1995,1266014.6935,2.886837,30087,5.235423,2.133103,93.336276,11.72925,0.936658929197887,-7.25332860900331,116.909482526119,54.910569871343,NA
"162","ITA","Italy",1996,1306040.7038,1.286366,30355,4.00698,2.840714,91.195661,11.73828,0.948430641494719,-6.65106548419476,116.340884156581,52.3059578595608,NA
"163","ITA","Italy",1997,1354124.7567,1.835365,31079,2.043106,2.593508,91.605857,11.83341,0.989944478232061,-3.0119433226099,113.76397241231,54.8290563749286,17.0335118566363
"164","ITA","Italy",1998,1418205.1599,1.616073,31220,1.955088,1.6588,91.254484,11.93952,1.00783841749726,-3.02124692032334,110.807853376729,55.6082156412716,19.9499871017554
"165","ITA","Italy",1999,1453165.4092,1.559851,31514,1.663458,1.131342,88.738076,11.52469,0.983367737189873,-1.80450339187913,109.655482205428,56.1886875429611,22.4881552651645
"166","ITA","Italy",2000,1537800.8435,3.710108,31493,2.537687,0.06077532,88.566811,10.67654,1.00545780357964,-1.32368641284082,105.10638196007,61.3442795100851,17.8353913958413
"167","ITA","Italy",2001,1595089.1106,1.772186,31648,2.785166,0.523644,86.792039,9.619383,1.04490742473634,-3.39320447958543,104.726743948692,60.8645756273308,11.6427086406904
"168","ITA","Italy",2002,1634258.8576,0.248546,31433,2.46532,-0.2654129,84.246721,9.097409,1.08482408410136,-3.07312952294695,101.92339681639,59.4725388393354,8.50271140242025
"169","ITA","Italy",2003,1666643.1603,0.151324,31401,2.672559,-0.6149957,81.061026,8.763274,1.06197586320679,-3.41358116013378,100.485423155752,57.223162553109,14.8943391141624
"170","ITA","Italy",2004,1699880.0101,1.581936,32040,2.206736,-0.3420415,77.982,8.084111,1.05312018576715,-3.56692421406296,100.089328170101,58.4421980491399,10.8885709051723
"171","ITA","Italy",2005,1742085.9437,0.949665,32406,1.985294,-0.9002914,75.647337,7.81197,1.04709225891067,-4.17338640927471,101.940500979668,61.4940821564643,28.6499097087192
"172","ITA","Italy",2006,1880990.5737,2.006588,32631,2.090843,-1.503758,77.071661,6.846259,1.08696084907257,-3.58733955221117,102.557277625646,66.5221615377879,29.4165201427398
"173","ITA","Italy",2007,1985918.0516,1.473872,32597,1.829738,-1.3845,77.284897,6.138076,1.13270115140317,-1.5265750294068,99.7759461280856,69.2990881160907,22.2422311068998
"174","ITA","Italy",2008,2082637.2906,-1.050405,32633,3.347834,-2.826556,79.201285,6.789756,1.16366696187794,-2.69190807237845,102.388208689771,67.849182703477,-4.57592512503771
"175","ITA","Italy",2009,2041700.838,-5.482054,32794,0.7747682,-1.890714,77.510492,7.827545,1.221264239971,-5.2693842195344,112.531797273707,57.1375426893069,4.61567820072125
"176","ITA","Italy",2010,2079198.818,1.686523,33107,1.525516,-3.415731,76.282165,8.451118,1.22310516734323,-4.2455832694479,115.393153342207,62.972007274318,6.41296783189297
"177","ITA","Italy",2011,2158285.218,0.576625,32593,2.780633,-3.010013,77.354728,8.441043,1.20983501516491,-3.71190080344556,116.508316262447,66.8804144335726,9.17413129754368
"178","ITA","Italy",2012,2157546.5805,-2.819019,31611,3.041363,-0.3580936,77.699933,10.76799,1.27086997152206,-2.92673559689724,123.338741204446,66.6372247206544,-1.17122731920055
"179","ITA","Italy",2013,2176319.7155,-1.728157,31656,1.219992,0.9616002,79.026637,12.26611,1.30768492280415,-2.69338310324735,128.994622366044,65.7645903736081,1.30437568492219
"180","ITA","Italy",2014,2206285.8131,0.113672,31807,0.2410575,1.878598,78.57513,12.80176,1.28067283164147,-2.98934441118529,131.715902507219,66.2815383107271,12.39040775488
"181","POL","Poland",1995,295635.0576,6.951857,7710,27.95139,NA,28.793137,13.3349,0.61877145086935,-4.18007270448499,47.5715367453573,NA,NA
"182","POL","Poland",1996,318844.0686,6.05658,8304,19.79496,NA,29.396099,12.358,0.640366215081791,-4.53641047998479,42.4050720974347,NA,NA
"183","POL","Poland",1997,344600.8705,6.45955,8724,14.91316,NA,30.348541,11.21045,0.644122691861746,-4.55159593326881,42.2957291656685,NA,NA
"184","POL","Poland",1998,365826.4903,4.614648,8997,11.59785,NA,30.82114,10.53549,0.660832347471987,-4.16553230737754,38.4335776949489,NA,NA
"185","POL","Poland",1999,387468.5788,4.642211,9693,7.154073,NA,32.573016,13.94332,0.681804341981948,-2.24540203509053,38.9784742613477,NA,NA
"186","POL","Poland",2000,407252.2647,4.559571,9865,9.900174,NA,33.070648,16.08804,0.642020689876739,-2.97095706743486,36.4531907602352,NA,NA
"187","POL","Poland",2001,425603.9469,1.248005,10424,5.408333,NA,33.775447,18.24151,0.622840475656271,-4.78335844097567,37.3320939773711,NA,NA
"188","POL","Poland",2002,450394.2637,2.041604,10387,1.905289,NA,35.376105,19.93261,0.557846677284093,-4.84569161515241,41.7786698280446,NA,NA
"189","POL","Poland",2003,468251.1554,3.56243,10515,0.6826997,NA,35.317093,19.64591,0.538838911021006,-6.07709857789652,46.5877791306609,NA,NA
"190","POL","Poland",2004,509752.6902,5.13565,10328,3.382648,-5.526774,36.059246,18.9721,0.552514195198175,-5.04382345438995,45.043309019122,81.46071750859,15.7286439700684
"191","POL","Poland",2005,530344.1412,3.493681,10271,2.183797,-2.629014,34.985261,17.74372,0.562814750198896,-3.96184429986633,46.4411773020431,80.9055921039347,13.6432474345461
"192","POL","Poland",2006,577874.3756,6.179604,10346,1.284693,-4.010341,35.532737,13.83871,0.55081957406078,-3.55731410026322,46.9480026621201,90.0130301806652,16.0552576872458
"193","POL","Poland",2007,639715.4677,7.034802,10585,2.458743,-6.340817,36.36108,9.603179,0.561887159451164,-1.85297300028208,44.1560956715406,93.3631131563104,19.8222472960286
"194","POL","Poland",2008,698099.5366,4.249645,11221,4.164972,-6.716018,37.350672,7.118923,0.599205796889591,-3.60011787858972,46.2945611782883,91.0466701242313,4.95704351788279
"195","POL","Poland",2009,735033.716,2.820222,11196,3.795393,-3.988474,38.081456,8.165982,0.660971223021583,-7.2526905542017,49.4333220619615,86.4468068980796,12.657702039341
"196","POL","Poland",2010,802284.7282,3.60696,11578,2.580694,-5.379414,41.141347,9.636162,0.720696161411807,-7.34208954976036,53.3181069358063,93.6047746587726,18.5202764552891
"197","POL","Poland",2011,869763.7806,5.016616,11578,4.239401,-5.204803,43.473054,9.633587,0.745889905176942,-4.82067738779293,54.358241857835,98.821110113332,10.1902396776131
"198","POL","Poland",2012,907149.1694,1.606637,11470,3.560371,-3.718966,44.478444,10.0865,0.88087458389387,-3.69082455296209,53.9668784430021,101.658471380736,7.25215295030293
"199","POL","Poland",2013,940295.1773,1.390826,11606,0.9919826,-1.271795,45.38417,10.32775,0.870559775766186,-4.05168386605361,55.9517443425505,102.782824192047,1.42795752401255
"200","POL","Poland",2014,977186.0145,3.28257,11827,0.05382131,-2.079067,45.294724,8.991279,0.940173425194103,-3.42966580295214,50.4692086545126,105.706040109228,7.36260426212883
"201","ESP","Spain",1995,643833.1015,2.757494,28855,4.673804,-0.9606309,80.188351,22.96408,0.77287655904053,-7.03775223855252,61.710029890908,54.2203218987367,NA
"202","ESP","Spain",1996,674815.3421,2.674639,29275,3.558843,-0.7549394,79.308464,22.14949,0.789487122739717,-5.37221921670847,65.5699273758586,56.2224380727553,NA
"203","ESP","Spain",1997,715279.8237,3.689614,29295,1.971078,-0.718599,78.398811,20.67377,0.779636868327127,-3.91314335130461,64.4006648019782,61.7298749732168,NA
"204","ESP","Spain",1998,764646.8919,4.305978,29348,1.83433,-1.647042,77.328031,18.66564,0.851021402709542,-2.94887391208609,62.5254042112331,63.7726020770988,NA
"205","ESP","Spain",1999,803987.8868,4.484901,29243,2.310345,-3.284531,74.259626,15.69231,0.840522213771798,-1.32269701640205,60.9480478398697,64.9733475120979,31.3668149603914
"206","ESP","Spain",2000,872912.4832,5.289093,28755,3.433517,-4.397823,73.219843,13.91976,0.884949787234043,-1.02251450676983,57.9585299806576,71.5919535783366,48.0687814313346
"207","ESP","Spain",2001,938063.5397,4.001069,28748,3.589833,-4.394648,72.431492,10.59581,0.890194102308986,-0.548798618497044,54.1626639677039,70.2965428117245,24.389202433641
"208","ESP","Spain",2002,1009397.6942,2.879762,28960,3.065766,-3.736752,72.661214,11.49321,0.960049807283715,-0.414526857496717,51.2680037582345,66.647270475438,28.591649672756
"209","ESP","Spain",2003,1056990.4016,3.187571,28882,3.039234,-3.882983,70.423245,11.52299,1.02219318159189,-0.368401139056495,47.6401168926857,64.2915994583508,30.1486672839875
"210","ESP","Spain",2004,1124492.7324,3.166747,28585,3.039202,-5.575801,69.064613,10.99634,1.03849005131063,-0.0422558101738989,45.2610805414316,65.8794780710919,31.5425692461285
"211","ESP","Spain",2005,1209299.2328,3.723103,28750,3.368454,-7.491802,68.291082,9.179704,1.09577085343759,1.20668496377473,42.2838358590363,67.0111523524393,41.8668208380706
"212","ESP","Spain",2006,1368901.8276,4.174119,28641,3.515375,-8.978906,71.836536,8.477357,1.1721748775266,2.19688206243415,38.9065590977545,71.1088778083562,42.3587810796707
"213","ESP","Spain",2007,1473681.2588,3.768895,29016,2.78703,-9.635498,72.742717,8.260802,1.23448228962248,2.00035714054406,35.5103177533084,74.787080394557,37.6864879668618
"214","ESP","Spain",2008,1537767.3189,1.115973,30184,4.075661,-9.24731,73.354157,11.29402,1.31708482387227,-4.42435856431648,39.3986957616284,72.243499637612,18.2105738451739
"215","ESP","Spain",2009,1503253.4639,-3.573812,32229,-0.2879968,-4.278228,73.487787,17.92979,1.35136390512254,-10.957671398677,52.7045486981875,61.1334767949851,9.29138470150153
"216","ESP","Spain",2010,1489723.3123,0.013787,31676,1.799881,-3.921577,71.616069,19.9453,1.34964192307799,-9.38512165178881,60.0657962296688,66.9197243441424,-1.99853272187493
"217","ESP","Spain",2011,1498906.9951,-1.00008,31227,3.196146,-3.179434,72.179203,21.47596,1.32512357379815,-9.61385932345739,69.4619740231107,73.3051635209961,10.5056739781748
"218","ESP","Spain",2012,1496106.3253,-2.929811,30255,2.446,-0.220106,74.154111,24.88541,1.28795421626955,-10.4738794988834,85.6666647431421,73.8397781022123,5.62336620636725
"219","ESP","Spain",2013,1519907.8619,-1.705895,30524,1.408546,1.520368,76.306967,26.18733,1.26865899531412,-7.0057154891511,94.1896426990525,75.4249566609531,-6.7536762626824
"220","ESP","Spain",2014,1564460.7854,1.378998,30232,-0.1508703,1.080524,76.152648,24.54085,1.23630153564282,-5.99590173814518,99.6830356066633,77.0496371832887,18.3955063764133
"221","CHE","Switzerland",1995,209869.1067,0.480866,73197,1.7998,NA,93.417654,3.183054,NA,-2.11354497482425,NA,NA,NA
"222","CHE","Switzerland",1996,215690.9439,0.601094,73797,0.811658,NA,93.508839,3.483597,2.45207820659018,-1.97394013803427,NA,NA,NA
"223","CHE","Switzerland",1997,225425.4464,2.312047,74793,0.5202146,NA,95.34293,3.96309,NA,-2.86036907308737,NA,NA,NA
"224","CHE","Switzerland",1998,233759.6747,2.944772,74911,0.01794886,NA,93.979898,3.348,NA,-1.85874049836608,NA,NA,NA
"225","CHE","Switzerland",1999,241543.8069,1.643372,75989,0.8064469,NA,91.073005,2.829816,NA,-0.935549343490687,NA,NA,NA
"226","CHE","Switzerland",2000,256298.8393,3.946103,76511,1.558518,11.75137,91.305454,2.560865,2.32682864444157,-0.446149502818622,NA,142.40158608498,111.162554670746
"227","CHE","Switzerland",2001,266507.652,1.446595,79330,0.9890171,7.969309,91.458975,2.262342,NA,-0.822757442795391,NA,137.921779091468,14.4374065784111
"228","CHE","Switzerland",2002,274505.0278,0.143394,80349,0.6427084,8.39195,90.727235,2.887043,NA,-2.66574307830351,NA,124.49510696574,47.8821029364468
"229","CHE","Switzerland",2003,276031.0502,0.049708,80490,0.6382989,12.69249,86.43947,3.909239,NA,-2.4227713617719,NA,127.653973532285,23.4791529396401
"230","CHE","Switzerland",2004,289199.0583,2.842948,79610,0.8028826,14.7501,84.141353,4.179198,2.67691607344415,-2.21421828221517,NA,133.188508386571,35.616164012436
"231","CHE","Switzerland",2005,300888.8197,3.038305,80754,1.171951,13.56317,82.817609,4.189381,NA,-1.18111375381796,NA,153.085543052748,62.7946765600714
"232","CHE","Switzerland",2006,336415.1268,4.012786,81354,1.059525,14.434,87.777107,3.803735,NA,0.30899115711614,NA,158.974943136134,70.355845919011
"233","CHE","Switzerland",2007,373532.8828,4.140348,82495,0.7323366,10.2619,92.21172,3.440439,NA,0.928911665505144,NA,174.616079941055,149.875953017776
"234","CHE","Switzerland",2008,400107.7975,2.27724,82868,2.426048,2.425831,94.421086,3.210635,2.72857911875721,2.04873605458219,NA,166.29280241943,-87.8696888425279
"235","CHE","Switzerland",2009,399834.6247,-2.129619,84511,-0.4804679,7.454293,91.063185,4.086252,NA,0.7587239701753,NA,152.112847989525,2.29150184234707
"236","CHE","Switzerland",2010,414217.7205,2.953817,84430,0.6882334,14.86379,90.315531,4.277628,NA,0.341084665016437,NA,164.559084498291,36.1969314013985
"237","CHE","Switzerland",2011,442451.1539,1.804554,84848,0.2313366,8.009438,92.477084,3.791066,NA,0.756015328331228,NA,163.027806348511,23.6202362153262
"238","CHE","Switzerland",2012,460544.9734,1.048103,86500,-0.6925458,10.48485,93.749943,3.916404,2.96819717630765,0.248052125774542,NA,169.616609376888,53.0897744284175
"239","CHE","Switzerland",2013,483647.5147,1.78058,87724,-0.2173085,11.52144,96.547367,4.091533,NA,-0.50454489204927,NA,176.612972037225,19.8406389713305
"240","CHE","Switzerland",2014,501374.2234,1.996886,88490,-0.01322916,8.785953,96.760827,4.223057,NA,-0.301315151007874,NA,174.031129618471,0.270612326648801
"241","GBR","United Kingdom",1995,1170987.0456,2.506373,40886,2.675159,NA,78.81271,8.625201,1.677352189576,-5.25084683366681,45.2096824702443,NA,NA
"242","GBR","United Kingdom",1996,1251022.3279,2.548734,40971,2.456576,NA,79.81121,8.144102,1.6055549333632,-3.79762571396573,44.8261843431515,NA,NA
"243","GBR","United Kingdom",1997,1323745.9025,3.127178,42122,1.81642,0.1362298,81.451437,7.054266,1.56111433607959,-2.01873558749754,43.8667312843836,74.547294310623,NA
"244","GBR","United Kingdom",1998,1358786.4725,3.190779,43850,1.55804,-0.08884963,79.381979,6.12753,1.57649371422043,-0.209219959441318,41.6417085242597,72.5978978035475,NA
"245","GBR","United Kingdom",1999,1406969.5001,3.283348,45378,1.346762,-2.413913,78.009575,5.977878,1.65771201668617,0.724536209673866,39.5527832315745,72.8052643690542,43.2614411406133
"246","GBR","United Kingdom",2000,1533016.0157,3.744962,47449,0.7973192,-2.149024,80.559304,5.497345,1.63924567683416,1.10976136661168,36.980357362589,79.2535224168095,92.9872703571128
"247","GBR","United Kingdom",2001,1617454.291,2.726107,49746,1.238106,-1.940165,80.649978,4.762569,1.6318407960199,0.388282801240435,34.3043526760815,79.1735492938893,56.4007763871227
"248","GBR","United Kingdom",2002,1699799.7217,2.397248,50492,1.234288,-1.998121,81.308747,5.088962,1.63968508986468,-1.95010966595375,34.2348795721152,73.5624038504177,27.5328912584467
"249","GBR","United Kingdom",2003,1783357.2791,3.466239,51576,1.375839,-1.654233,80.959232,4.823637,1.60152247697893,-3.22105776575135,35.7559948134692,71.6044682719371,58.2666974660529
"250","GBR","United Kingdom",2004,1896673.4535,2.527877,52496,1.346133,-1.763082,81.513598,4.703492,1.55172836611044,-3.43320504508481,38.6611274345262,72.9538637446987,86.0512969068278
"251","GBR","United Kingdom",2005,1949434.6093,2.972096,52261,2.035928,-1.213738,77.893728,4.663526,1.57171988688303,-3.3177547397273,40.013715541695,81.5089560602469,108.395984796916
"252","GBR","United Kingdom",2006,2089012.7488,2.503009,53533,2.347418,-2.223277,79.813218,5.397606,1.5940092495143,-2.74105481834844,41.0167595923179,93.3893864159094,83.7952823629954
"253","GBR","United Kingdom",2007,2155565.5685,2.555819,54797,2.314429,-2.448902,78.693604,5.281961,1.63283037971376,-2.90667520200668,42.2101522643691,94.7211099425824,128.882676090379
"254","GBR","United Kingdom",2008,2229259.9878,-0.627205,53221,3.596902,-3.516185,79.579672,5.289725,1.63919950238197,-4.8814385405932,50.2670285861869,97.2418766285739,-54.3354267726683
"255","GBR","United Kingdom",2009,2142489.0323,-4.327738,53633,2.183535,-2.950458,75.225779,7.716816,1.70215846561177,-10.2244285630609,64.2034434624429,81.288471752117,-27.8963104631319
"256","GBR","United Kingdom",2010,2243315.9293,1.915162,52253,3.301569,-2.738548,76.035273,7.80559,1.67650382622156,-9.55897176297459,75.7370556186917,83.8886595918824,47.1690157774006
"257","GBR","United Kingdom",2011,2306167.1368,1.509062,50933,4.463287,-1.786432,75.425449,7.882143,1.68151674718137,-7.61831239705357,81.3242734330954,89.6713943722003,22.7646575453517
"258","GBR","United Kingdom",2012,2387347.7972,1.313019,50731,2.800821,-3.667546,74.997313,7.948071,1.61225615565919,-8.27297670986553,84.817533151368,86.0086660410115,-11.5944416982479
"259","GBR","United Kingdom",2013,2502075.6083,1.911078,50067,2.56833,-4.394322,75.821655,7.713962,1.65990539003186,-5.66372129092192,85.9951033679148,84.6533296005951,-15.5274629317823
"260","GBR","United Kingdom",2014,2630350.4191,3.070484,49677,1.471957,-4.663865,76.002082,6.246763,1.69505289495632,-5.76555023923445,87.9126794258373,78.5513146920679,9.95923137702471
"261","NOR","Norway",1995,105956.9706,4.153951,40410,2.460368,3.497888,100.725643,4.967502,1.65166686740233,3.15400716833969,NA,78.5908148898792,NA
"262","NOR","Norway",1996,117386.4353,5.027995,41317,1.262532,6.729536,105.17377,4.882459,NA,6.16209819875087,NA,81.1261860491136,NA
"263","NOR","Norway",1997,125922.7918,5.284685,42211,2.566923,6.158812,106.538791,4.072598,1.59351770399992,7.48674346636012,NA,83.7274078175873,NA
"264","NOR","Norway",1998,124779.4599,2.624397,43750,2.252413,-0.3086335,99.656077,3.225806,NA,3.25217161053377,NA,83.8263158618697,NA
"265","NOR","Norway",1999,136335.2598,2.013308,45167,2.365967,5.494026,103.386598,3.249567,1.60533174896757,5.8724769910113,NA,80.6500903451921,NA
"266","NOR","Norway",2000,165842.2528,3.205285,45582,3.085506,14.74773,120.43943,3.480877,NA,15.1021363683992,NA,87.4569430315024,NA
"267","NOR","Norway",2001,170951.9123,2.085328,46737,3.004197,15.82055,120.464019,3.586678,1.56231205079941,13.1856690432287,NA,87.2919656011019,NA
"268","NOR","Norway",2002,172267.592,1.437709,48577,1.286725,12.32729,116.964703,3.896654,1.63058004167465,9.05048837282341,NA,80.9001006934452,NA
"269","NOR","Norway",2003,175887.5336,0.919842,49195,2.487826,12.05344,116.000923,4.539669,1.68035820902895,7.24555804380429,NA,81.3352942956126,NA
"270","NOR","Norway",2004,195231.6344,3.959038,50793,0.4544985,12.37999,119.714614,4.482029,1.54506136709651,10.9231243206297,NA,84.7025304983611,NA
"271","NOR","Norway",2005,220865.8553,2.624721,52209,1.532134,16.46675,126.690681,4.636709,1.48316542161612,14.8192858313616,NA,89.6001995030524,55.5688401170069
"272","NOR","Norway",2006,252193.3487,2.395092,54252,2.32935,16.33693,134.89432,3.458213,1.45597550141921,18.0207573470464,NA,92.386174046816,84.2359902352355
"273","NOR","Norway",2007,262992.7141,2.929766,56577,0.7125891,12.41988,129.454291,2.529105,1.56478191688785,17.1215659138987,NA,96.8493881127437,64.4756008972446
"274","NOR","Norway",2008,294084.8126,0.384306,57899,3.753931,15.83065,136.068087,2.602953,1.55550054118785,18.6959291926706,NA,96.7015176289063,47.9912335244763
"275","NOR","Norway",2009,267801.0815,-1.622533,58474,2.197386,10.75504,121.910368,3.186941,1.72385621587539,10.3387334557628,NA,83.5206268433361,-31.9912598191216
"276","NOR","Norway",2010,283556.3624,0.601886,59249,2.418906,11.03515,123.890878,3.632148,1.6508737730634,11.0093128073977,NA,86.543744249715,39.4387992072859
"277","NOR","Norway",2011,307393.4,0.96878,61233,1.284952,12.52347,129.04452,3.286206,1.62753722904913,13.4483034040802,27.4787757618,87.3985529229688,22.6279767032131
"278","NOR","Norway",2012,328115.5226,2.748818,62896,0.6968641,12.60869,132.361843,3.223388,1.62024046879679,13.8456054347621,29.1295922579462,87.0241143285732,28.4228290224497
"279","NOR","Norway",2013,340127.9652,0.998705,64185,2.120486,10.41404,134.272973,3.528975,1.65242545587395,10.7885230667239,29.7456574672417,85.7061593535157,24.8555093981572
"280","NOR","Norway",2014,337287.3201,1.91882,64662,2.041703,12.13013,128.728176,3.533309,1.71530370137796,8.76577958464143,27.4137991976107,87.5476496248373,28.1239063792144
"281","SVN","Slovenia",1995,26957.2137,4.10716,16235,13.46372,-0.6435512,49.914763,NA,1.49332996453447,-8.17704198804043,18.3089098583861,152.637610218896,9.46619301233004
"282","SVN","Slovenia",1996,28383.0286,3.516281,17084,9.864456,0.09497467,52.197028,6.90466,1.26632913825573,-1.0970236608114,21.5885090542575,138.329334102764,13.0647118670528
"283","SVN","Slovenia",1997,30306.2287,5.11438,17982,8.359679,0.1316322,55.402587,6.647157,1.24727102735919,-2.31065847886944,22.0731165676289,134.278547659371,12.7574383622087
"284","SVN","Slovenia",1998,31754.4287,3.285632,18223,7.891166,-0.8565731,55.81111,7.391482,1.30637285114631,-2.33045446607021,22.7516460827351,131.261252023964,7.8175164502649
"285","SVN","Slovenia",1999,33844.9423,5.274354,18545,6.155588,-4.04185,56.046966,7.320889,1.33813577369893,-2.97686953833369,23.7327964970311,121.252539429562,9.46522842298045
"286","SVN","Slovenia",2000,35873.2126,4.155434,19101,8.911745,-3.242648,56.294437,6.916667,1.35630282203073,-3.63956705367299,25.8507398711568,128.71671838922,12.3690788160294
"287","SVN","Slovenia",2001,37846.7278,2.949365,19884,8.379666,0.03120459,56.960121,5.685688,1.46773262566456,-3.88272115599174,26.0635584339509,122.917133749489,13.3637448534627
"288","SVN","Slovenia",2002,40498.9758,3.836305,19878,7.480778,0.9220241,56.63011,5.926153,1.43873512853899,-2.40343038920752,27.272320456945,117.659082761134,25.1032007186272
"289","SVN","Slovenia",2003,42174.5839,2.842083,20297,5.544164,-0.8357194,56.188317,6.478873,1.24527883591207,-2.61868076274684,26.7119852914099,112.589831678377,14.9956144548279
"290","SVN","Slovenia",2004,45517.7752,4.351795,21279,3.592976,-2.715618,56.94176,6.012124,1.36805956467144,-1.9647885009668,26.8463155956897,120.627917365457,18.1081002342142
"291","SVN","Slovenia",2005,47901.8617,4.003007,22111,2.451501,-1.78146,58.561462,6.500542,1.41229213996408,-1.33289529403997,26.2870108970383,130.216986088338,30.7391193183465
"292","SVN","Slovenia",2006,51733.0529,5.655999,22825,2.457924,-1.805871,60.973766,5.94912,1.53291128677603,-1.20432707686637,26.0000028141001,141.505183274414,26.3511315147731
"293","SVN","Slovenia",2007,55689.6711,6.941646,23318,3.657496,-4.091435,61.720341,4.821256,1.42382106955461,-0.0884998770730733,22.8293270170081,151.035807568007,67.0107073074033
"294","SVN","Slovenia",2008,59879.8077,3.30013,23669,5.647424,-5.294528,62.274367,4.368279,1.62563808934581,-1.41576588244005,21.8030053866559,148.880707034483,12.7189687596094
"295","SVN","Slovenia",2009,56099.2196,-7.797277,23884,0.8392622,-0.5599831,57.125979,5.855813,1.81628689985827,-5.88118145420111,34.6375873036778,123.858732130202,1.95762880562971
"296","SVN","Slovenia",2010,56936.246,1.237756,24601,1.80117,-0.1161096,56.879394,7.240253,2.05763302265017,-5.63871144929606,38.3626682760925,138.283138713835,-2.59568796811791
"297","SVN","Slovenia",2011,59131.4964,0.649367,24536,1.802852,0.1852525,59.337869,8.161664,2.42358443267999,-6.65765931379673,46.6268966633828,152.996368007159,4.69423754452435
"298","SVN","Slovenia",2012,59332.3901,-2.689414,23846,2.597414,2.605084,59.546495,8.841523,2.57844885491432,-4.10074322037114,53.8962600486881,155.472544834326,0.0249982653287051
"299","SVN","Slovenia",2013,60834.4672,-1.086923,23807,1.769201,4.809527,59.966982,10.13954,2.60323485464873,-15.0236591741399,71.0105011564957,155.311892666248,-1.63933138655492
"300","SVN","Slovenia",2014,63910.5741,3.10628,24134,0.1993438,6.228633,60.759709,9.718792,2.38460998571584,-5.03581417770414,80.8922134439478,157.834238233775,23.0017393312535
"301","LUX","Luxembourg",1995,16140.0031,1.4322,54795,1.867698,NA,140.737741,2.615211,NA,2.67615561366259,8.56392679275952,607.363120984011,NA
"302","LUX","Luxembourg",1996,17098.4269,3.335509,54927,1.183861,NA,138.352097,2.863986,NA,1.59545290528306,8.17683098177527,549.188906190641,NA
"303","LUX","Luxembourg",1997,17925.2935,8.310778,56136,1.367511,NA,135.873574,3.083295,NA,2.80656017193552,8.01768000644942,609.179353263001,NA
"304","LUX","Luxembourg",1998,18841.147,6.889871,56123,0.9585662,NA,132.843051,2.851832,NA,3.23402317287779,7.71725541916319,702.928879034152,NA
"305","LUX","Luxembourg",1999,21760.2779,7.810403,56914,1.025194,NA,140.279209,2.696978,NA,3.48497935554875,6.78990552342426,671.926631973156,NA
"306","LUX","Luxembourg",2000,24257.0383,9.023319,57764,3.150768,12.51649,141.494428,2.401737,1.56848154650643,5.85760403000192,6.45538557901257,751.604805751599,NA
"307","LUX","Luxembourg",2001,24479.3986,1.548684,58422,2.663822,8.317047,129.797086,2.230619,NA,5.97125874251611,6.96302548877094,784.187313844485,NA
"308","LUX","Luxembourg",2002,25880.724,3.620721,59599,2.074089,9.461682,128.129623,2.496459,NA,2.47305507735746,6.8835492741245,810.275589874024,1474.29644990707
"309","LUX","Luxembourg",2003,26792.481,1.397645,59477,2.04984,6.422495,124.050853,3.298315,1.64545683879377,0.188195744596657,6.93155456022635,755.27164490655,1479.24946764177
"310","LUX","Luxembourg",2004,29073.4104,4.411212,60292,2.225681,11.89924,124.837663,3.708616,1.61855095836148,-1.29585303889902,7.32451248970375,740.809725217262,1738.91735462614
"311","LUX","Luxembourg",2005,31418.6876,3.216486,60689,2.487693,11.11629,126.656286,4.091846,1.58743558189772,0.0783964479110928,7.47540904212724,846.399127717601,3200.52573714017
"312","LUX","Luxembourg",2006,36428.7121,5.110665,61532,2.666315,10.04037,135.993901,4.239541,1.68665565636212,1.95903483068147,7.86846564231544,951.579094317695,2657.54374027909
"313","LUX","Luxembourg",2007,39847.4406,8.395461,63175,2.312459,9.81089,136.219634,4.180619,1.60909146469183,4.19780847508692,7.79821862477676,1003.37297230608,2696.88734094072
"314","LUX","Luxembourg",2008,41828.3987,-0.84303,63383,3.40188,7.844412,132.809297,4.151017,1.64367050855612,3.36229961722771,15.0977033024921,1079.44899744599,104.065486723031
"315","LUX","Luxembourg",2009,40213.1756,-5.376942,64384,0.368042,7.214123,125.977579,5.446456,1.71025998830379,-0.687903470177845,16.0305854968696,883.904536677754,1641.06432720482
"316","LUX","Luxembourg",2010,43235.683,5.7752,65120,2.273679,6.685163,127.715445,5.79774,1.5112682231486,-0.662059146887711,19.9003258902101,893.250391234975,2002.05364253693
"317","LUX","Luxembourg",2011,47349.9445,2.01233,64487,3.410683,6.091716,132.99157,5.654992,1.47329206622189,0.516538905130724,18.8375580928349,1055.13285715712,2126.62032960115
"318","LUX","Luxembourg",2012,48418.0154,0.005742,64073,2.662842,5.923622,130.572995,6.072031,1.2786781153679,0.346589613549506,21.8216847571473,1226.98007338626,3418.59395310565
"319","LUX","Luxembourg",2013,51775.9716,4.194286,65456,1.73404,5.255845,135.542387,6.866667,1.30672182929838,0.96031218074226,23.4284415546171,1311.9987677076,2656.95790541358
"320","LUX","Luxembourg",2014,55859.4822,4.706212,66775,0.628544,4.71682,139.285259,7.133333,1.24653066385267,1.45691061926616,22.748677235523,1149.76319063142,1988.52286623713
"321","SVK","Slovak Republic",1995,46340.5206,5.843495,7260,9.841098,NA,35.583008,13.10261,0.906156718825133,-3.34169673151856,21.6719908148918,NA,NA
"322","SVK","Slovak Republic",1996,50301.2837,6.757147,7870,5.775833,NA,36.913556,11.32677,0.892923441643369,-9.72085721743718,30.5004352779697,NA,NA
"323","SVK","Slovak Republic",1997,54163.2021,6.067543,8942,6.141988,NA,38.686881,11.88384,1.05282627747965,-6.16263838378179,32.9805345055013,NA,NA
"324","SVK","Slovak Republic",1998,57152.4578,4.011814,9305,6.665648,NA,39.871602,12.60484,0.766106337997453,-5.20542019624699,33.8609437957538,NA,NA
"325","SVK","Slovak Republic",1999,57741.1965,-0.205069,9109,10.57045,NA,39.702244,16.35215,0.645563696770542,-7.27623108471186,47.079949847989,NA,NA
"326","SVK","Slovak Republic",2000,61150.7559,1.210173,9442,12.03578,NA,40.817748,18.75604,0.639271452433929,-12.0234379069257,49.6236134187704,NA,NA
"327","SVK","Slovak Republic",2001,66696.6557,3.316468,9436,7.329631,NA,42.689944,19.30385,0.625651729659695,-6.40131502133654,48.2812582062779,NA,NA
"328","SVK","Slovak Republic",2002,71483.3467,4.522792,9932,3.127133,NA,44.930852,18.62805,0.563889192448831,-8.08803857054974,42.8821559919701,NA,NA
"329","SVK","Slovak Republic",2003,75973.583,5.418716,10148,8.554143,NA,46.456149,17.50133,0.562474770160601,-2.70301818074847,41.5886293675548,NA,NA
"330","SVK","Slovak Republic",2004,81652.8446,5.258836,10315,7.548501,-7.644515,46.264967,18.1321,0.501493150107587,-2.30847234192481,40.6392178723277,154.110296606878,19.4969680722289
"331","SVK","Slovak Republic",2005,89275.3479,6.750961,10985,2.709085,-8.264751,46.563844,16.17113,0.494006834302712,-2.88332707991488,33.8176512699808,164.464640865874,25.1275947289752
"332","SVK","Slovak Republic",2006,101419.1588,8.452888,11348,4.483331,-7.718668,49.73395,13.31174,0.475628899174169,-3.59197033059735,30.6765348347802,182.410628480587,4.66638741912524
"333","SVK","Slovak Republic",2007,113709.8934,10.799577,12046,2.756724,-5.18131,52.191295,11.01842,0.448235685155753,-1.94876344013204,29.8173552581584,183.197919519055,24.5391711171725
"334","SVK","Slovak Republic",2008,127442.7829,5.629779,12166,4.59818,-6.226463,55.089274,9.568222,0.462040445442503,-2.42774944900926,28.1440257299787,179.215493258205,10.1009432934594
"335","SVK","Slovak Republic",2009,124333.3395,-5.422542,12576,1.615105,-3.48835,53.261255,12.05204,0.473257596977439,-7.80420823677893,35.8928480473622,149.152818544555,15.1145538011686
"336","SVK","Slovak Republic",2010,134842.5689,5.041717,13130,0.9570181,-4.714724,55.593225,14.37281,0.616137480983256,-7.48492156122039,40.7005087271333,167.232665507382,12.8448481093234
"337","SVK","Slovak Republic",2011,139467.3482,2.8191,13013,3.919286,-4.969707,55.613149,13.60448,0.663255752510665,-4.27695107005863,43.1564579116503,185.371769985801,11.8617181580384
"338","SVK","Slovak Republic",2012,144098.0751,1.657149,12870,3.606103,0.9321585,56.382643,13.9479,0.80494734828013,-4.34488633307169,52.1648795705374,191.435041110049,-1.87927645256977
"339","SVK","Slovak Republic",2013,151020.734,1.490646,12967,1.400474,1.834153,59.053524,14.21574,0.823617427523437,-2.71998847834079,54.7392065778514,195.01219855129,18.8389159032266
"340","SVK","Slovak Republic",2014,157249.7184,2.570853,13219,-0.07616533,1.189382,59.833184,13.17878,0.881717055059875,-2.70732662773208,53.6233738341558,192.598041467663,14.4861454121849
"341","EST","Estonia",1995,9021.7793,4.526682,5994,NA,-4.207356,NA,9.742489,NA,1.07934471687025,8.18503076959941,143.642792736816,15.8987476794988
"342","EST","Estonia",1996,9662.6264,5.323845,6239,NA,-8.358352,NA,9.979574,NA,-0.350753756120585,7.54668628403195,138.059966725526,17.940506572824
"343","EST","Estonia",1997,10967.578,11.798619,6805,NA,-11.05046,NA,9.6651,NA,2.15806442534248,6.99479850853275,164.540175984592,45.3104536974485
"344","EST","Estonia",1998,11584.2326,4.117258,7220,8.744751,-8.569049,NA,9.862727,0.570741676015471,-0.764474588597307,5.98706394126855,168.877585931845,16.2817243338302
"345","EST","Estonia",1999,11633.8463,-0.856448,7506,3.296111,-4.305524,NA,12.23962,0.680610227455223,-3.31678498082419,6.46996173389471,154.408983311329,21.2374634730688
"346","EST","Estonia",2000,13151.2466,10.568075,8294,4.018489,-5.306804,27.877365,14.6263,0.600087049084333,-0.0680628032987902,5.11443350502338,136.482126043431,17.8745885806108
"347","EST","Estonia",2001,14334.2624,6.328711,8578,5.74828,-7.061477,29.009318,13.06667,0.69944710767383,0.199244093709858,4.77899142754437,138.625153256693,22.4830475527995
"348","EST","Estonia",2002,15987.5123,6.076395,8977,3.571913,-11.13215,30.949585,11.27911,0.716081002529354,0.420641471297356,5.69731216017122,136.21194114436,20.2152315640304
"349","EST","Estonia",2003,17906.9691,7.416163,9827,1.334991,-12.89919,32.206899,10.3933,0.767768432663049,1.80275849377989,5.62299894524849,136.1094145342,24.827544046184
"350","EST","Estonia",2004,19661.0639,6.294746,10555,3.048111,-12.07563,33.543744,10.18296,0.85191514286094,2.38883594671711,5.06198354556614,148.806246450611,44.8851870229861
"351","EST","Estonia",2005,22375.6783,9.373711,11236,4.079714,-8.65728,35.079395,8.086577,0.923639404385728,1.12321683334257,4.54880619542609,157.419949091018,51.3332290798689
"352","EST","Estonia",2006,25951.7748,10.271884,12055,4.437621,-14.91615,37.472797,5.95584,1.11665647502824,2.9064380968806,4.40403024603664,160.714933482318,53.2395857904167
"353","EST","Estonia",2007,29435.5269,7.748192,13938,6.601326,-15.07762,40.971943,4.623013,1.06884004369387,2.71691004380399,3.66358146368857,161.507191505159,63.5205443363126
"354","EST","Estonia",2008,30303.8388,-5.419456,14043,10.36236,-8.660849,41.780088,5.471917,1.25952407657473,-2.66630008471254,4.48681878469679,160.559214910483,19.325226772031
"355","EST","Estonia",2009,27388.7061,-14.724404,13473,-0.07840831,2.546151,43.562275,13.60912,1.39541138815683,-2.18367712027095,7.03809951745472,134.37849912344,2.22609234436168
"356","EST","Estonia",2010,28791.0583,2.259076,13454,2.972045,1.816506,45.247808,16.78456,1.58162250863282,0.187544170984129,6.55113533499272,165.201952353846,10.6071177864575
"357","EST","Estonia",2011,32579.4377,7.5973,12851,4.981901,1.31687,45.902372,12.36152,2.30654815562363,1.15853277266027,5.91325686553061,189.082627913267,-4.94971277806691
"358","EST","Estonia",2012,34419.8396,4.307259,13204,3.9334,-1.919433,47.567108,10.05726,2.12265004791805,-0.257598424496812,9.55344460027786,189.991104658041,29.2073122736288
"359","EST","Estonia",2013,36158.6096,1.415214,13447,2.780567,-0.3404503,48.978209,8.659094,1.72600759971662,-0.169930052449519,10.0004629932208,186.277217619741,8.21010960573083
"360","EST","Estonia",2014,37521.4266,2.822907,14292,-0.1061751,0.9063642,49.604735,7.380952,1.45122145062565,0.678197625634162,10.4786594336789,180.995256635195,24.02742841743
"361","ISL","Iceland",1995,6445.1444,0.116584,NA,1.651232,NA,69.00896,4.861074,1.49761042840785,NA,NA,71.3987353581005,1.47115144149469
"362","ISL","Iceland",1996,6722.3977,4.785062,NA,2.260421,NA,68.145501,3.720725,NA,NA,NA,75.4719049615848,10.1972483073823
"363","ISL","Iceland",1997,7305.6427,4.91319,45004,1.815431,-2.333243,70.663957,3.877779,1.79181838774002,NA,NA,75.5299871146941,12.5505479040026
"364","ISL","Iceland",1998,7830.1162,6.567153,50535,1.659237,-7.374928,71.177977,2.74187,1.95913972231606,-0.648734645922193,NA,77.1184508544697,16.4801405893503
"365","ISL","Iceland",1999,8152.4385,4.003824,52425,3.231831,-7.187724,69.301127,2.006544,2.24774809497054,0.821064216093726,NA,74.726376938115,27.2962125398381
"366","ISL","Iceland",2000,8294.9602,4.680514,53840,5.136475,-10.28465,63.795168,2.310369,2.59489126339213,1.23096522845707,NA,77.9313384662415,33.8638286376465
"367","ISL","Iceland",2001,9010.118,3.833743,53411,6.405086,-4.686748,64.78286,2.260311,2.87084087254986,-0.97386432938354,NA,83.2804538146336,21.8237007766863
"368","ISL","Iceland",2002,9255.8167,0.314702,55168,5.197023,1.135114,65.984236,3.251355,2.85762088573445,-2.79695940136732,NA,77.6587153352189,22.8795560061903
"369","ISL","Iceland",2003,9352.4448,2.44014,53763,2.055662,-4.962412,64.570987,3.352836,2.73547643073375,-3.12804728268704,NA,77.7674499062995,60.2976502811013
"370","ISL","Iceland",2004,10308.6659,8.099775,57233,3.158195,-9.76012,67.515647,3.063359,NA,-0.325818025303085,NA,82.4279858066515,127.014250529444
"371","ISL","Iceland",2005,10968.6322,6.704392,60717,3.987048,-15.75356,66.424682,2.590346,2.70566035761543,4.47830611629493,25.4344151341129,95.2551317918536,286.195648761797
"372","ISL","Iceland",2006,11763.35,5.000661,63064,6.687074,-23.19922,65.664964,2.87883,2.92330232966445,5.86536437323122,27.2637206910822,117.170375262834,277.662560248141
"373","ISL","Iceland",2007,12688.0406,9.350069,65118,5.051564,-14.20254,66.233183,2.301867,2.57545716732207,4.91699509989355,27.3331221976875,124.615850422125,362.346450135332
"374","ISL","Iceland",2008,13546.4472,1.519366,57656,12.65457,-23.12906,68.134476,2.990598,2.52479905687255,-13.0433031633959,67.1386601041359,123.848323550986,12.6728562091588
"375","ISL","Iceland",2009,13078.7577,-6.943941,51373,12.03511,-9.855529,70.755978,7.241471,2.65101117968139,-9.6795775156166,82.6638683467465,123.057959490051,1.60738123824401
"376","ISL","Iceland",2010,12216.1677,-3.559865,53740,5.396337,-6.595832,64.269784,7.558612,NA,-9.76145795852972,88.1460945643782,123.938324735094,-39.5403177079701
"377","ISL","Iceland",2011,12590.1574,1.987131,56228,3.997347,-5.342427,63.217304,7.053653,2.49325775673857,-5.58527784389261,95.0661295204177,138.197915472927,-10.5946514573177
"378","ISL","Iceland",2012,12984.8088,1.217535,56349,5.186329,-4.082153,64.002596,6.036599,NA,-3.73689892431764,92.5465237821331,131.735862657218,-63.820052752349
"379","ISL","Iceland",2013,13802.3857,4.409774,57863,3.873658,6.005203,64.919862,5.393024,1.86063210413914,-1.83995518281931,NA,120.051669831259,3.49210226734961
"380","ISL","Iceland",2014,14500.6346,1.926526,58127,2.047772,3.887508,65.158127,4.960457,1.87500716593412,-0.060676892890845,NA,114.85015844815,-37.7366316071782
"381","PRT","Portugal",1995,144137.9437,4.28278,17039,4.222816,NA,50.397307,7.153755,0.516678848824291,-5.17816798618826,58.3048771009729,NA,NA
"382","PRT","Portugal",1996,149986.1871,3.496684,17668,3.068977,-4.485033,49.386723,7.227623,0.549499128671973,-4.73766795435674,59.5107365575519,75.1319180521137,19.1571128934651
"383","PRT","Portugal",1997,159520.0821,4.42621,18130,2.336863,-6.157253,49.711167,6.721083,0.563599517339823,-3.70466472016381,55.184163889448,77.0050668102974,34.7900333559337
"384","PRT","Portugal",1998,169417.0391,4.79177,18359,2.572752,-7.584067,49.291379,4.972747,0.624679086606054,-4.38628951683272,51.827266231224,79.5516876246889,37.6421670126492
"385","PRT","Portugal",1999,181095.294,3.888215,18983,2.340095,-8.83767,49.644027,4.411736,0.681003605500042,-3.03058628102549,51.0490039294074,78.0070665992049,22.9882922699533
"386","PRT","Portugal",2000,194194.8702,3.787495,19246,2.85303,-10.81234,49.309395,3.950144,0.721270063772754,-3.21490059202684,50.3170850909116,83.8826959333811,49.3094278690432
"387","PRT","Portugal",2001,202958.8379,1.943304,19331,4.369903,-10.44492,48.863415,4.036179,0.764522524382062,-4.78840437065472,53.4164202745302,83.7532764530593,44.8554159737965
"388","PRT","Portugal",2002,212223.6902,0.768797,19321,3.600347,-8.489856,48.908585,5.023399,0.721444155352761,-3.34029009906611,56.1822937547264,77.6652189678215,29.7851635965693
"389","PRT","Portugal",2003,217958.1616,-0.934206,19271,3.218991,-7.163322,48.447535,6.303821,0.697586904366696,-4.42158879582304,58.6529218594989,75.5140264824003,45.6163012923312
"390","PRT","Portugal",2004,225306.5816,1.811583,19304,2.365362,-8.320621,47.692645,6.667038,0.728709468765569,-6.1945279526635,61.9893231782975,78.9655224509676,29.385404607193
"391","PRT","Portugal",2005,238841.511,0.766785,19193,2.277164,-9.881135,48.20649,7.620677,0.757070675424782,-6.19379041973095,67.3922315996176,80.1651109831768,31.6225595831707
"392","PRT","Portugal",2006,259580.2011,1.553053,18778,3.107666,-10.68461,50.543475,7.687246,0.954546926873991,-4.32756006565224,69.1747903134169,90.5600984645205,41.6436301477578
"393","PRT","Portugal",2007,270910.4342,2.492002,18910,2.453965,-9.724835,50.418063,8.01222,1.12427119570946,-3.00876143501656,68.4390850084406,93.7591272131272,37.856536310893
"394","PRT","Portugal",2008,281180.6857,0.199272,18849,2.588506,-12.12467,51.098994,7.593787,1.44520472120205,-3.76566320264779,71.6663216724853,96.1528022220868,18.5752336263587
"395","PRT","Portugal",2009,280018.2197,-2.978104,19719,-0.83553,-10.41778,50.453254,9.480358,1.57972561586415,-9.80552663438705,83.6094689834076,81.4656452141228,35.2497224394278
"396","PRT","Portugal",2010,289290.3938,1.898692,19644,1.402573,-10.14865,50.74722,10.81853,1.53257260114294,-11.1711387771583,96.1833384230958,90.7248210763428,17.5801884348103
"397","PRT","Portugal",2011,282733.9076,-1.826853,19177,3.653011,-5.979104,50.066658,12.75082,1.45683138603056,-7.38284136960417,111.389687094904,95.6855732305818,-12.9814634873591
"398","PRT","Portugal",2012,278160.9044,-4.028257,18348,2.773339,-1.777476,50.784687,15.61414,1.3777678043136,-5.65866682156956,126.206510245976,95.5688485767901,-5.25125098153648
"399","PRT","Portugal",2013,291753.1919,-1.130155,18725,0.2744167,1.544907,53.554575,16.26226,1.32641095128073,-4.84242355641659,129.000920993832,96.7884250814006,-8.22931543037109
"400","PRT","Portugal",2014,299615.9878,0.893093,18344,-0.2781534,0.06509697,52.931985,13.95805,1.28792822447523,-7.16566137941994,130.441491028478,98.2556785972745,24.338589091557
"401","SWE","Sweden",1995,201030.4292,4.024307,31096,2.455149,3.189312,88.994767,9.223412,3.13358413474045,-7.02838558008709,69.9418442291785,82.3756266053361,23.7683707783444
"402","SWE","Sweden",1996,208704.9008,1.517861,32690,0.533132,3.343103,88.542701,9.982965,NA,-3.11113986620256,70.3414293293306,79.2562208045962,13.8228024999677
"403","SWE","Sweden",1997,216258.3089,2.900483,33848,0.6584103,3.896317,89.7715,10.19417,3.31935490261041,-1.57453642694035,68.0370690069288,85.6752049388365,16.5789365515404
"404","SWE","Sweden",1998,225507.7066,4.226792,34778,-0.2671327,3.6294,89.181736,8.465609,NA,0.83902355310162,66.6893599687323,90.1426047730426,40.3012771582957
"405","SWE","Sweden",1999,240476.8918,4.530153,35671,0.4621758,3.933181,88.748194,7.165678,3.4215692802122,0.758807321657266,61.456958318103,91.2762852268289,52.4143666208788
"406","SWE","Sweden",2000,259580.0266,4.735287,36595,0.8991438,3.953398,90.2005,5.862381,NA,3.22464099937909,50.5732751123991,101.111177394325,50.9159126484336
"407","SWE","Sweden",2001,264227.7842,1.56341,36801,2.405958,4.725318,87.282871,5.06159,3.91382215622264,1.42458224548349,51.7310229891087,99.8596118847679,27.5998434303285
"408","SWE","Sweden",2002,272994.5041,2.073577,37105,2.158482,4.485533,87.564044,5.214847,NA,-1.48139443303879,49.8048543976441,93.4008489125545,16.9466931478406
"409","SWE","Sweden",2003,281923.4983,2.38574,37567,1.925655,5.872865,87.286155,5.846119,3.61437728342607,-1.33758066455869,48.9422755865104,91.0113966817631,20.7927256049235
"410","SWE","Sweden",2004,301748.2888,4.32053,38705,0.3736598,6.013713,87.925728,6.628989,3.39134046197749,0.292893517734567,47.88256452944,96.8820173147981,30.0456487523684
"411","SWE","Sweden",2005,306709.1695,2.81833,39461,0.4531709,6.057805,84.714875,7.779845,3.38699957899835,1.78371934323742,48.209642313693,106.532955073895,25.8476097837482
"412","SWE","Sweden",2006,339972.6329,4.688127,40415,1.360215,8.194872,89.200496,7.073432,3.50032251496492,2.16289925949015,43.1652802879305,114.561316725829,43.6007319589259
"413","SWE","Sweden",2007,371081.7104,3.404949,41721,2.212169,8.156384,91.091128,6.15957,3.25660521684061,3.31156338706111,38.2848562034035,119.13848518662,61.4027436016345
"414","SWE","Sweden",2008,385875.8925,-0.557048,42296,3.437049,7.850508,91.067385,6.227031,3.49524840454847,1.94810542806277,36.8432036967776,122.256855076413,24.0135565041789
"415","SWE","Sweden",2009,369088.9983,-5.184659,42575,-0.4944606,6.032461,86.512609,8.314652,3.4496484577053,-0.726073731286732,40.4032952319729,106.905804423829,19.1981837361552
"416","SWE","Sweden",2010,390766.1659,5.988927,42826,1.157988,5.965081,85.810179,8.578704,3.21611343655699,-0.0747444455871232,37.6288993674421,110.324136916142,19.5738401826821
"417","SWE","Sweden",2011,413450.9069,2.664408,43365,2.961151,5.548723,87.048527,7.782629,3.24918632918164,-0.189877035270965,36.9405594357783,112.202915458911,26.72381847832
"418","SWE","Sweden",2012,425753.749,-0.286321,44329,0.8883775,5.583033,87.928634,7.96427,3.28134498480243,-0.976280937907078,37.1737950499349,110.778196917065,18.5848892748589
"419","SWE","Sweden",2013,438479.7729,1.241205,44791,-0.04429297,5.258481,88.604092,8.032293,3.30604797091919,-1.38937040655358,39.7713844021169,105.46742640207,27.1036250477134
"420","SWE","Sweden",2014,449945.5083,2.604327,45366,-0.1796385,4.62535,87.839104,7.929159,3.14587334003922,-1.58878694587537,44.5694262403349,108.296019142256,5.01882220257872
"421","NLD","Netherlands",1995,357037.3382,3.116036,45462,1.92322,NA,99.461693,7.15733,1.84627483163819,-8.5919081824916,73.145714803852,NA,NA
"422","NLD","Netherlands",1996,376231.3894,3.566719,45181,2.113793,NA,97.367015,6.420607,1.86069526401614,-1.72716181180418,71.239778979599,NA,NA
"423","NLD","Netherlands",1997,401325.2988,4.299867,45280,2.109246,NA,98.554867,5.510776,1.86542260679908,-1.27301273286735,65.5782398667255,NA,NA
"424","NLD","Netherlands",1998,429289.5486,4.525415,43802,1.959136,NA,99.909367,4.3941,1.76434789309428,-0.904665887520388,62.4519990239266,NA,NA
"425","NLD","Netherlands",1999,457698.0248,5.051693,44744,2.157179,NA,99.235448,3.622077,1.84312912510426,0.326151413322791,58.1728289115269,NA,NA
"426","NLD","Netherlands",2000,502810.8405,4.238763,45789,2.360522,NA,102.794411,2.956793,1.805557725399,1.8792084113547,51.3501509839062,NA,NA
"427","NLD","Netherlands",2001,528116.0522,2.124264,46404,4.155841,NA,101.993857,2.255073,1.81562253511672,-0.348230318693675,48.6836474398778,NA,NA
"428","NLD","Netherlands",2002,548919.1951,0.10363,46695,3.287531,NA,102.015797,2.759007,1.76885385469392,-2.07947001118299,48.1724000558138,NA,NA
"429","NLD","Netherlands",2003,546815.9731,0.283923,47206,2.091998,NA,97.820634,3.684061,1.80551087392016,-3.01635578116766,49.3063546167039,NA,NA
"430","NLD","Netherlands",2004,577038.5362,2.030706,47869,1.263647,7.660921,97.652639,4.556155,1.80727145717345,-1.7227196295752,49.6139817803218,171.10007080977,99.2008611689529
"431","NLD","Netherlands",2005,608165.4328,2.160366,48040,1.68813,7.102642,98.078035,4.723309,1.79102617442161,-0.256044163494371,48.9431076100284,186.694317725697,126.820122102091
"432","NLD","Netherlands",2006,663990.7446,3.518637,48004,1.101501,9.147194,101.10252,3.905032,1.75669702975767,0.210458346857455,44.474561991119,198.336705731235,219.56382119155
"433","NLD","Netherlands",2007,711982.1966,3.698473,48543,1.613859,6.91372,101.614991,3.179125,1.68634229063397,0.211648839029481,42.3760761805374,217.435918340725,222.310200887034
"434","NLD","Netherlands",2008,753929.826,1.699061,48833,2.486502,5.02901,103.02852,2.750206,1.64308634886563,0.223730097017506,54.4667009823785,206.672319893361,31.1430730502235
"435","NLD","Netherlands",2009,728829.9871,-3.767584,50732,1.189777,5.520768,97.44333,3.412436,1.68539689736697,-5.4309032613272,56.4925348965249,181.732357418143,20.8383262622664
"436","NLD","Netherlands",2010,740805.7964,1.402662,51000,1.275306,7.090873,95.883163,4.450913,1.72474949011262,-4.9915124336513,59.0055295861361,209.809156437249,58.7648374060984
"437","NLD","Netherlands",2011,768994.0385,1.663626,50686,2.34107,8.721869,96.404384,4.977251,1.90305616949928,-4.2884984189545,61.6585968279546,223.973720270823,113.428543431701
"438","NLD","Netherlands",2012,782578.0725,-1.057037,50806,2.455548,10.34464,96.933759,5.821079,1.9394473343212,-3.88490368340453,66.4313259884308,228.177486654556,53.5336751585643
"439","NLD","Netherlands",2013,817809.8782,-0.190339,50891,2.506899,9.91914,100.337377,7.243456,1.95226948225042,-2.37411681077537,67.7439072965371,227.677296598381,80.4927782237556
"440","NLD","Netherlands",2014,826588.2819,1.41969,50465,0.9760351,8.932796,98.867144,7.415859,1.97208781794488,-2.26663931656933,68.1825860321444,235.348140595589,38.0396616632077
"441","TUR","Turkey",1995,602429.5961,7.191219,NA,89.11331,NA,52.936632,7.628108,0.276151455836336,NA,NA,NA,NA
"442","TUR","Turkey",1996,655905.3493,7.005319,NA,80.41214,NA,53.215518,6.622021,0.328045354083551,NA,NA,NA,NA
"443","TUR","Turkey",1997,716395.4978,7.528801,NA,85.66936,NA,56.698243,6.81988,0.357174003171977,NA,NA,NA,NA
"444","TUR","Turkey",1998,557286.3152,3.091863,NA,84.64133,0.7210667,41.452896,6.871633,0.362236056909671,NA,NA,NA,NA
"445","TUR","Turkey",1999,545463.7519,-3.389305,NA,64.86748,-0.3763922,37.574625,7.663959,0.456460588214802,NA,NA,NA,NA
"446","TUR","Turkey",2000,605613.6446,6.640061,NA,54.91538,-3.628424,40.28226,6.490749,0.467834633681014,NA,NA,NA,NA
"447","TUR","Turkey",2001,592898.1038,-5.962311,NA,54.40018,1.936144,37.637644,8.37342,0.526381261147033,NA,76.2832360417471,NA,NA
"448","TUR","Turkey",2002,607794.1651,6.430279,NA,44.96412,-0.2518991,37.035746,10.34512,0.51293794217988,NA,72.1704737633479,NA,NA
"449","TUR","Turkey",2003,634676.9165,5.608255,NA,21.60244,-2.43619,37.096464,10.54568,0.469448481934857,NA,65.7835547349713,NA,NA
"450","TUR","Turkey",2004,728256.9719,9.644323,NA,8.598262,-3.501776,40.139951,10.83303,0.502148701666053,NA,57.7529340762255,NA,NA
"451","TUR","Turkey",2005,807226.7574,9.009853,NA,8.17916,-4.157851,40.995653,10.6346,0.56930744351935,NA,50.7723773075928,NA,NA
"452","TUR","Turkey",2006,937107.8411,7.109703,NA,9.597242,-5.643611,44.842242,10.23252,0.557492065699925,NA,44.7063711498636,NA,NA
"453","TUR","Turkey",2007,1032838.0167,5.030458,NA,8.756181,-5.368748,47.794431,10.27948,0.691817108959405,NA,38.2295236451432,NA,NA
"454","TUR","Turkey",2008,1130487.0662,0.845251,NA,10.44413,-4.991038,50.337746,10.96828,0.692919861032459,NA,38.238495646358,NA,NA
"455","TUR","Turkey",2009,1105889.2751,-4.704466,NA,6.250977,-1.61819,47.84538,14.02538,0.809399417677255,-6.17058677142344,43.9692338198531,NA,NA
"456","TUR","Turkey",2010,1262796.6592,8.487372,NA,8.566444,-5.634813,49.646757,11.87941,0.798920545214606,-2.68445041029899,40.1576195385748,NA,NA
"457","TUR","Turkey",2011,1443295.5686,11.113496,NA,6.471879,-8.872138,52.62833,9.784845,0.799880433753865,-0.74171167917916,NA,NA,NA
"458","TUR","Turkey",2012,1539111.2284,4.78994,NA,8.89157,-5.509808,53.567265,9.210286,0.832165066577115,-0.188446999339633,NA,NA,NA
"459","TUR","Turkey",2013,1690856.0862,8.491309,NA,7.49309,-6.684537,56.863576,9.716671,0.818213788076266,0.205115386924057,NA,NA,NA
"460","TUR","Turkey",2014,1780288.8584,5.166691,NA,8.854572,-4.664272,55.839378,9.911068,0.860768438754883,0.244513741176721,NA,NA,NA
"461","HUN","Hungary",1995,94456.5323,1.489525,7774,28.30546,-3.170467,35.218452,10.44589,0.708015729253108,-8.6289900314836,84.2931897585605,85.4243205404985,25.8945071857556
"462","HUN","Hungary",1996,96066.3285,0.005584,7772,23.46903,-3.59196,34.391239,10.10867,0.63189814943852,-4.37980669204428,71.479742530087,91.988299944622,4.6951715804478
"463","HUN","Hungary",1997,100767.7651,3.305862,7952,18.30508,-3.963856,34.482399,8.912155,0.700710341103987,-5.54095111131083,62.0533984780058,106.173027373063,11.6587221667321
"464","HUN","Hungary",1998,106543.7837,4.218935,8020,14.15379,-7.022131,34.752135,7.926057,0.657715449916152,-7.46513227460486,59.9798104962416,118.296756950733,13.3165285555342
"465","HUN","Hungary",1999,111318.2526,3.204949,7975,9.997744,-7.845179,33.539899,7.064948,0.671840582443601,-5.13707625926233,59.8284049522829,124.86274759159,22.2899363414166
"466","HUN","Hungary",2000,120933.2469,4.202334,8310,9.803608,-8.367855,34.454452,6.476938,0.791107268376285,-3.0331423617901,55.0954090787313,148.603054708952,12.2022070886597
"467","HUN","Hungary",2001,134788.2987,3.774101,8902,9.116809,-5.809909,37.519995,5.762127,0.914003511047788,-4.05838953336971,51.7037279433302,141.835812817444,17.3810698541978
"468","HUN","Hungary",2002,147463.9152,4.503064,9364,5.265448,-6.207224,39.099479,5.875123,0.984240461368133,-8.84688044296337,54.9576915429465,127.717951579122,7.92596146295835
"469","HUN","Hungary",2003,156173.6129,3.827747,10218,4.661017,-7.929132,39.948195,5.920893,0.921369678846347,-7.13916840013612,57.5669899191439,127.40250898605,23.2962569011164
"470","HUN","Hungary",2004,163724.817,5.005389,10701,6.744347,-8.494478,39.953707,6.157216,0.863435096603203,-6.34960280408283,58.4885626316673,139.25183234294,20.1363798735042
"471","HUN","Hungary",2005,171624.6197,4.382894,11098,3.561517,-6.984571,39.894694,7.307693,0.924595392723411,-7.81481230620963,60.4550607495006,145.596405504352,29.9309744262799
"472","HUN","Hungary",2006,183601.4296,3.855746,11311,3.930326,-6.995863,40.970306,7.571683,0.985190176202382,-9.32496562955973,64.6359200931461,173.333009840342,52.4321138779238
"473","HUN","Hungary",2007,190395.0165,0.448348,11168,7.958745,-7.044018,41.024857,7.472228,0.961225146105027,-5.05973307126107,65.5598821300779,184.482664185744,116.707732827133
"474","HUN","Hungary",2008,206647.0336,0.889205,11308,6.042512,-6.954427,44.1376,7.882976,0.984003024837444,-3.63446659831527,71.5580912259176,190.770507598515,126.601127044502
"475","HUN","Hungary",2009,206199.7456,-6.563634,10906,4.211712,-0.8034462,43.981131,10.10008,1.13759749438462,-4.58202883234289,77.8437246980805,182.060348752189,10.2836469231269
"476","HUN","Hungary",2010,214666.2367,0.677098,10839,4.855558,0.2981518,49.14686,11.24258,1.14528407769356,-4.51802598399905,80.4800689657719,196.706810554569,-32.3696831192613
"477","HUN","Hungary",2011,226649.2224,1.739423,10809,3.929921,0.7585292,50.932349,11.07967,1.19483038395604,-5.46067499901921,80.6669503408617,199.61485636198,17.3796847737077
"478","HUN","Hungary",2012,228145.9549,-1.602512,10467,5.652145,1.731495,50.717329,11.04988,1.2689351951001,-2.3107851714334,78.2053241326622,200.760293306632,-5.20743693467089
"479","HUN","Hungary",2013,241058.456,2.117147,10456,1.7332,3.744076,52.209492,10.22087,1.39441508776627,-2.55686950750297,76.5956705981665,197.263025034164,-13.2417326197536
"480","HUN","Hungary",2014,251538.752,4.047321,10351,-0.2275663,1.982591,50.730054,7.757666,1.36138915167918,-2.07583928320327,75.6607006856882,199.446897588246,13.0504033500094
"481","IRL","Ireland",1995,68283.6655,9.634422,37404,2.524866,NA,76.304196,12.23786,1.22416382855716,-2.14274279678149,78.5593910169169,NA,NA
"482","IRL","Ireland",1996,74481.6269,9.091811,38275,1.753731,NA,76.692482,11.94847,1.27032062255372,-0.255969235882866,69.8660978603159,NA,NA
"483","IRL","Ireland",1997,83062.8219,10.748131,40637,1.525605,NA,80.592105,10.3874,1.24330564063078,1.32588341193596,61.6073825605864,NA,NA
"484","IRL","Ireland",1998,92974.1023,8.227908,40596,2.415518,NA,84.094175,7.863027,1.20918529362584,2.02588513327744,51.4640907644329,NA,NA
"485","IRL","Ireland",1999,101453.3368,10.862972,41839,1.631924,NA,83.018349,6.010929,1.1523211067401,2.41543070476094,46.6072039998589,NA,NA
"486","IRL","Ireland",2000,114746.0347,9.912385,42670,5.590717,NA,85.912223,4.62431,1.08495186379792,4.86674585040696,36.070428317461,NA,NA
"487","IRL","Ireland",2001,126101.2507,6.051908,43933,4.872905,NA,88.002109,3.871147,1.05321823069962,0.969890733680709,33.2327542042495,NA,NA
"488","IRL","Ireland",2002,138442.9344,5.576969,43946,4.614733,0.2472217,91.993586,4.473727,1.05611697168499,-0.320380490449306,30.5540568521638,234.507765122469,248.519225882001
"489","IRL","Ireland",2003,144816.8519,3.673113,45256,3.49049,0.4925904,90.744251,4.653265,1.12450750755096,0.423613959650489,29.9235927102509,211.195810544503,321.40688969976
"490","IRL","Ireland",2004,157505.5903,6.7249,46758,2.199629,-0.09798671,91.114544,4.576245,1.17865837178088,1.33288175936432,28.2149193085765,212.003713544956,303.211659361367
"491","IRL","Ireland",2005,168246.1366,5.766123,48695,2.429692,-3.54174,87.77469,4.761203,1.19260396604385,1.60723065327297,26.0723789114531,219.431727382624,361.823353521514
"492","IRL","Ireland",2006,189091.3059,5.866128,49400,3.93164,-5.349109,90.962712,4.653349,1.19793105974567,2.80894813055777,23.6097087111397,238.932102360148,396.782174206562
"493","IRL","Ireland",2007,205707.8307,3.796633,50748,4.897116,-6.503156,92.132931,4.805758,1.23268171149154,0.27282206333365,23.8972988474756,257.480092560367,386.998497257594
"494","IRL","Ireland",2008,198727.1434,-4.373482,52189,4.060305,-6.511364,88.174443,5.767876,1.38826714895531,-6.97905275102252,42.4134901414041,269.018318613936,154.299798359152
"495","IRL","Ireland",2009,188522.9709,-4.565119,56183,-4.478103,-4.906179,89.096421,12.25927,1.61195398862015,-13.8132053371154,61.6763220743792,261.671551896058,-15.0809336130408
"496","IRL","Ireland",2010,197096.5031,2.03355,55219,-0.9220958,-1.535983,93.851707,13.92515,1.59731727980796,-32.1181458877407,86.2993098145875,279.799560279092,49.7677537336499
"497","IRL","Ireland",2011,208138.9202,-0.040565,54864,2.557189,-2.012478,103.107219,14.62134,1.5403575382419,-12.6202309539833,109.612972598473,277.216399467406,10.4899625292703
"498","IRL","Ireland",2012,213532.2444,-1.10288,54530,1.696209,-2.621283,103.902494,15.0072,1.55552522660973,-7.97320673440191,119.477477616113,286.217706823571,35.9890155256751
"499","IRL","Ireland",2013,222143.7644,1.09884,52810,0.5087149,2.138625,102.812437,13.90943,1.52949953912749,-5.65637929186918,119.471044089945,275.842631028205,110.605296099275
"500","IRL","Ireland",2014,236704.9293,8.462367,52333,0.1825423,1.659767,104.892216,11.83941,1.48654278386305,-3.72570156411843,105.247425826019,293.863736934265,338.476069355325
"501","LVA","Latvia",1995,13679.5555,-1.943515,NA,24.97593,NA,22.315456,NA,NA,-1.42800687098958,NA,NA,NA
"502","LVA","Latvia",1996,14243.9459,2.359022,NA,17.61046,NA,22.138108,NA,NA,-0.420894943638768,NA,NA,NA
"503","LVA","Latvia",1997,15764.8917,8.974126,NA,8.447392,NA,22.724771,NA,NA,1.41357521629091,NA,NA,NA
"504","LVA","Latvia",1998,17037.5806,6.521769,NA,4.644212,NA,23.856559,NA,NA,0.0285621055585677,NA,NA,NA
"505","LVA","Latvia",1999,17702.1349,2.618948,NA,2.364815,NA,24.171392,NA,NA,-3.73254261868213,NA,NA,NA
"506","LVA","Latvia",2000,18971.4837,5.406859,6551,2.654253,-3.524457,25.509086,NA,NA,-2.73083488776965,NA,93.7333127405192,23.9406062754168
"507","LVA","Latvia",2001,21165.1448,6.461314,6775,2.487044,-6.82295,26.633186,NA,NA,-1.96846805063085,NA,98.7116018035108,20.2007582723915
"508","LVA","Latvia",2002,23263.5472,7.103026,6559,1.938879,-6.133106,28.330012,NA,NA,-2.2301879826844,NA,96.271905014261,19.9712994444478
"509","LVA","Latvia",2003,25226.8767,8.4307,7049,2.942643,-7.641855,29.207695,NA,NA,-1.550983072657,NA,101.427342001712,26.3591750604099
"510","LVA","Latvia",2004,27662.1773,8.335545,7640,6.192384,-12.2367,31.105827,NA,NA,-1.0312495587729,NA,114.682843243913,43.64301713536
"511","LVA","Latvia",2005,31001.879,10.697034,8883,6.748708,-11.75975,32.364576,NA,NA,-0.432146778108956,NA,122.569064056567,30.2708668940855
"512","LVA","Latvia",2006,34964.8978,11.889388,9807,6.535751,-20.64689,33.195733,NA,NA,-0.612974440491982,NA,126.916056766941,59.3210502603373
"513","LVA","Latvia",2007,39874.3676,9.949391,12099,10.09346,-20.91005,35.708884,NA,NA,-0.66010054084158,NA,120.192919506553,72.1803763126376
"514","LVA","Latvia",2008,42310.0929,-3.608916,12494,15.4003,-12.39362,34.88938,NA,NA,-4.12225499035265,NA,113.723184881588,12.299170863408
"515","LVA","Latvia",2009,36170.9842,-14.332244,11267,3.534914,8.233035,34.448404,NA,NA,-9.05198301147743,NA,102.881068284633,1.55630920581329
"516","LVA","Latvia",2010,36901.5627,-3.78965,10825,-1.085595,2.759524,36.506911,NA,NA,-8.47680949606032,NA,127.467675808531,14.4833160616909
"517","LVA","Latvia",2011,40727.2969,6.381501,10441,4.371703,-2.659737,38.476139,NA,NA,-3.37126561259328,NA,140.27156207966,0.300451746439807
"518","LVA","Latvia",2012,43234.9533,4.005269,10864,2.257176,-3.285263,39.798627,NA,NA,-0.831002540344655,NA,147.306817496956,16.622792333941
"519","LVA","Latvia",2013,45639.6161,2.626557,11391,-0.02889,-2.194281,40.461281,NA,NA,-0.906896308991268,NA,143.435755930659,7.96962834322837
"520","LVA","Latvia",2014,47624.4947,2.119919,12278,0.6209239,-2.056607,41.714965,NA,NA,-1.56323301011876,NA,138.308945894052,28.5639880303772
"521","LTU","Lithuania",1995,21484.8868,NA,NA,39.64759,NA,25.114645,NA,NA,NA,NA,NA,NA
"522","LTU","Lithuania",1996,22977.2773,5.149959,NA,24.62518,NA,25.52811,NA,NA,NA,NA,NA,NA
"523","LTU","Lithuania",1997,25258.3,8.293229,NA,8.881042,NA,26.932789,NA,NA,NA,NA,NA,NA
"524","LTU","Lithuania",1998,27525.404,7.467176,NA,5.067573,NA,27.873673,NA,NA,NA,NA,NA,NA
"525","LTU","Lithuania",1999,27565.3356,-1.134643,NA,0.7275217,NA,28.182911,NA,NA,NA,NA,NA,NA
"526","LTU","Lithuania",2000,29575.0801,3.831667,NA,0.9816616,NA,28.094786,NA,NA,NA,NA,NA,NA
"527","LTU","Lithuania",2001,32880.1589,6.524431,NA,1.36711,NA,31.311921,NA,NA,NA,NA,NA,NA
"528","LTU","Lithuania",2002,36132.8923,6.76075,NA,0.281473,NA,32.308096,NA,NA,NA,NA,NA,NA
"529","LTU","Lithuania",2003,41211.2867,10.538565,NA,-1.134312,NA,34.618202,NA,NA,NA,NA,NA,NA
"530","LTU","Lithuania",2004,44039.3426,6.550083,NA,1.164132,-7.662689,33.733429,NA,NA,NA,NA,112.917598089994,15.9329090848567
"531","LTU","Lithuania",2005,48263.1417,7.727408,NA,2.658471,-7.294422,34.855507,NA,NA,NA,NA,126.527742692419,26.0923176194017
"532","LTU","Lithuania",2006,53933.8858,7.406444,NA,3.739139,-10.56182,37.702031,NA,NA,NA,NA,134.993808592738,33.4475697891752
"533","LTU","Lithuania",2007,61678.7331,11.086954,NA,5.737162,-15.10021,40.124597,NA,NA,NA,NA,128.494316004229,36.5797446352979
"534","LTU","Lithuania",2008,66344.1332,2.628078,NA,10.92588,-13.34739,41.912543,NA,NA,NA,NA,140.392416977471,11.5627827232807
"535","LTU","Lithuania",2009,57452.854,-14.814163,NA,4.45306,2.074638,39.360452,NA,NA,NA,NA,115.890878129297,3.26306239909785
"536","LTU","Lithuania",2010,62347.4915,1.639819,NA,1.319184,-0.3282472,42.856587,NA,NA,NA,NA,149.268261233158,7.03412284568392
"537","LTU","Lithuania",2011,69205.4414,6.049354,NA,4.130301,-3.869185,46.923656,NA,NA,NA,NA,171.686808634388,11.5071561840132
"538","LTU","Lithuania",2012,73672.2577,3.834902,NA,3.089983,-1.179972,48.12108,NA,NA,NA,NA,178.722437794107,0.529862934024688
"539","LTU","Lithuania",2013,78949.6977,3.506826,NA,1.047467,1.542767,50.405887,NA,NA,NA,NA,182.634714697251,-1.01594040203333
"540","LTU","Lithuania",2014,82558.827,3.495016,NA,0.1037899,3.601526,50.858194,NA,NA,NA,NA,173.60840659615,5.99780567658391
